TrackLeft, TrackCenterLeft, TrackCenter, TrackCenterRight, TrackRight,TrackPosition,AngleToTrackAxis,Speed,Accelerate,Brake,Steering, Gear
8.55639,16.0807,195.357,16.0811,8.55657,1.07505E-5,-1.74846E-7,0.0,0.2,0.0,0.0,1
8.55639,16.0807,195.357,16.0811,8.55657,1.07505E-5,-1.74846E-7,0.0,1.0,0.0,0.0,1
8.55639,16.0807,195.357,16.0811,8.55657,1.07505E-5,-1.74846E-7,0.0,1.0,0.0,0.0,1
8.55639,16.0807,195.357,16.0811,8.55657,1.07505E-5,-1.74846E-7,0.0,1.0,0.0,0.0,1
8.55706,16.0821,195.363,16.0798,8.55591,-6.45031E-5,2.20934E-6,1.00606,1.0,0.0,0.0,1
8.56289,16.1046,196.963,16.0573,8.55009,-1.93162E-4,4.65695E-4,6.23816,1.0,0.0,0.0,1
8.5645,16.1089,196.422,16.0531,8.54847,-3.24336E-4,5.13856E-4,11.7022,1.0,0.0,0.0,1
8.56353,16.1075,195.125,16.0545,8.54945,-1.92035E-4,5.29591E-4,18.2717,1.0,0.0,0.0,1
8.5659,16.1116,193.244,16.0504,8.54707,-4.84553E-4,5.16717E-4,26.2874,1.0,0.0,0.0,1
8.5679,16.1155,190.629,16.0464,8.54508,-7.10054E-4,5.23392E-4,37.5013,1.0,0.0,0.0,1
8.56891,16.1161,186.927,16.0458,8.54407,-8.89518E-4,4.71894E-4,48.7156,1.0,0.0,0.0,2
8.56801,16.1142,181.85,16.0477,8.54497,-7.93197E-4,4.63788E-4,54.7251,1.0,0.0,0.0,2
8.57249,16.1226,176.842,16.0393,8.54049,-0.00131867,4.62357E-4,62.524,1.0,0.0,0.0,2
8.57763,16.1273,171.151,16.0338,8.53536,-0.00191741,4.63311E-4,71.0082,1.0,0.0,0.0,2
8.5819,16.1017,164.687,16.061,8.53113,-0.00244461,4.62357E-4,80.0537,1.0,0.0,0.0,2
8.57153,16.0258,157.433,16.1374,8.54113,-0.00292969,-1.68641E-5,89.5392,1.0,0.0,0.0,2
8.52925,15.8743,149.337,16.298,8.58427,-0.00106534,-0.00246209,99.294,1.0,0.0,0.0,2
8.44043,15.6186,140.422,16.5798,8.67537,0.00545987,-0.00560349,109.261,1.0,0.0,0.0,2
8.28228,15.2039,130.654,17.062,8.84093,0.0189764,-0.00978869,118.824,1.0,0.0,0.0,2
8.01778,14.5426,120.102,17.9184,9.12654,0.0431241,-0.0157348,127.351,1.0,0.0,0.0,2
7.59256,13.47,109.214,19.5214,9.61325,0.082797,-0.0250527,129.648,1.0,0.0,0.0,3
6.87087,12.0655,97.8209,21.3501,10.466,0.152377,-0.0460593,136.388,1.0,0.0,0.0,3
6.34931,11.546,189.506,21.2107,10.8874,0.238592,-0.0221,143.092,1.0,0.0,0.0,3
5.90089,10.7365,179.199,22.1116,11.3573,0.29268,-0.0217109,149.881,1.0,0.0,0.0,3
5.4727,9.95676,165.852,22.992,11.8086,0.343972,-0.021757,156.587,1.0,0.0,0.0,3
5.01648,9.12673,152.021,23.9277,12.2891,0.398659,-0.0217578,162.88,1.0,0.0,0.0,3
4.54972,8.27755,137.884,24.8848,12.7807,0.454612,-0.0217565,168.753,1.0,0.0,0.0,4
4.06489,7.39524,123.069,25.8805,13.2916,0.512717,-0.0217786,170.558,1.0,0.0,0.0,4
3.80242,7.2944,200.0,24.2704,13.1684,0.562456,0.0128576,175.007,1.0,0.0,0.0,4
4.27367,8.36131,200.0,22.8328,12.6005,0.515314,0.0245793,179.555,1.0,0.0,0.0,4
4.86702,9.51796,200.0,21.8305,12.043,0.447843,0.0243211,184.025,1.0,0.0,0.0,4
5.47547,10.7079,200.0,20.7896,11.4688,0.378817,0.0243243,188.389,1.0,0.0,0.0,4
6.13282,11.9935,200.0,19.665,10.8485,0.304244,0.0243266,192.994,1.0,0.0,0.0,4
6.81327,13.3242,200.0,18.501,10.2064,0.227051,0.0243295,197.533,1.0,0.0,0.0,4
7.4589,14.5869,200.0,17.3966,9.59711,0.153809,0.0243322,201.6,1.0,0.0,0.0,4
8.12235,15.8845,200.0,16.2616,8.97106,0.0785467,0.0243364,205.456,1.0,0.0,0.0,4
8.84235,17.2927,200.0,15.03,8.29166,-0.00312944,0.0243407,209.35,1.0,0.0,0.0,4
9.51717,18.612,200.0,13.876,7.65487,-0.0797008,0.0243285,211.117,1.0,0.0,0.0,5
10.2472,20.0407,200.0,12.6269,6.96606,-0.162487,0.0243554,212.926,1.0,0.0,0.0,5
9.93642,17.5644,136.025,14.2364,7.04504,-0.219238,-0.0426591,215.313,1.0,0.0,0.0,5
8.99363,15.9149,121.014,16.322,8.0892,-0.102583,-0.0418554,217.909,1.0,0.0,-0.15000000596046448,5
10.1911,20.9183,189.892,12.4681,7.12989,-0.117276,0.0509046,219.92,1.0,0.0,0.0,5
11.6352,23.6936,200.0,10.2337,5.8212,-0.282471,0.0468227,222.654,1.0,0.0,0.0,5
13.1394,26.3062,190.236,7.83262,4.44163,-0.452792,0.0468522,225.354,1.0,0.0,0.0,5
14.312,28.0808,170.131,5.79446,3.24098,-0.605402,0.0362948,228.057,1.0,0.0,0.0,5
13.4098,23.2869,142.093,6.34341,3.09253,-0.660067,-0.0482924,230.297,1.0,0.0,0.0,5
12.4201,22.2054,200.0,8.71426,4.4141,-0.501309,-0.0267793,232.906,1.0,0.0,-0.30000001192092896,5
13.5055,26.32,85.3296,7.07446,3.92367,-0.525413,0.0303966,234.928,1.0,0.0,0.0,5
11.7793,19.8903,200.0,10.2802,4.69732,-0.507546,-0.0842676,236.675,1.0,0.0,0.0,5
9.91552,17.0976,200.0,14.7281,7.01109,-0.245916,-0.0661894,239.315,1.0,0.0,0.0,5
8.15889,14.1867,200.0,18.6762,9.04052,-0.0175337,-0.0588263,241.722,1.0,0.0,0.0,5
6.48892,11.3897,200.0,22.1329,10.8989,0.197443,-0.0508374,244.194,1.0,0.0,0.0,5
5.12434,9.07743,200.0,24.8085,12.3546,0.371316,-0.0432706,246.411,1.0,0.0,0.0,5
3.82554,6.79354,200.0,27.2329,13.7653,0.532364,-0.039212,248.672,1.0,0.0,0.0,5
2.70418,4.92717,200.0,27.1301,14.6133,0.674605,-0.0270668,250.698,1.0,0.0,0.0,5
2.61811,5.08764,200.0,25.8349,14.2025,0.699962,0.0142508,252.689,1.0,0.0,0.0,5
3.37431,6.57127,200.0,24.5194,13.4793,0.616017,0.0218749,254.604,1.0,0.0,0.0,5
4.14752,8.07703,200.0,23.1845,12.7454,0.528027,0.0218725,256.479,1.0,0.0,0.0,5
4.91796,9.57739,200.0,21.8543,12.0141,0.440353,0.0218711,258.282,1.0,0.0,0.0,5
5.68278,11.0668,200.0,20.5339,11.2882,0.353317,0.0218681,259.992,1.0,0.0,0.0,5
6.45729,12.575,200.0,19.1966,10.553,0.265179,0.0218667,261.637,1.0,0.0,0.0,5
7.24105,14.1015,200.0,17.8432,9.80906,0.175995,0.0218719,262.332,1.0,0.0,0.0,6
8.0082,15.4973,200.0,16.6186,9.08284,0.087136,0.021561,262.262,1.0,0.0,0.0,6
8.56805,16.3728,200.0,15.8054,8.54633,0.0141602,0.0140679,263.428,1.0,0.0,0.0,6
8.85877,16.7648,200.0,15.4136,8.25755,-0.0286754,0.00653815,264.574,1.0,0.0,0.0,6
9.02325,17.076,200.0,15.11,8.09477,-0.0489945,0.00441314,265.699,1.0,0.0,0.0,6
9.19147,17.3943,200.0,14.7993,7.9283,-0.0685521,0.00441237,266.803,1.0,0.0,0.0,6
9.35334,17.7007,200.0,14.5003,7.76812,-0.0873697,0.00441313,267.896,1.0,0.0,0.0,6
9.49979,17.9778,200.0,14.2298,7.62321,-0.104396,0.00441219,268.978,1.0,0.0,0.0,6
9.64995,18.262,200.0,13.9524,7.47462,-0.121852,0.00441295,270.009,1.0,0.0,0.0,6
9.80376,18.5531,200.0,13.6683,7.32242,-0.139733,0.00441267,270.93,1.0,0.0,0.0,6
9.93131,18.5521,196.965,13.532,7.18215,-0.157932,0.00441471,271.7,1.0,0.0,0.0,6
9.62672,17.5657,173.681,14.4133,7.44704,-0.143599,-0.0113393,272.389,1.0,0.0,0.0,6
8.76428,15.7501,150.343,16.4886,8.34126,-0.0603249,-0.0281115,273.016,1.0,0.0,0.0,6
7.69543,13.829,126.953,18.7616,9.49082,0.0683462,-0.0305172,273.641,1.0,0.0,0.0,6
6.62582,11.9066,103.527,21.0364,10.6413,0.197826,-0.0305328,274.256,1.0,0.0,0.0,6
6.12736,11.7051,107.195,20.2182,10.9277,0.292698,0.0102736,274.653,1.0,0.0,0.0,6
6.2669,11.8804,80.7535,20.1567,10.8165,0.272403,0.00550786,275.226,1.0,0.0,0.0,6
7.04865,14.2588,75.7081,17.6842,9.90441,0.23299,0.0565153,275.363,1.0,0.0,0.0,6
8.41772,15.5852,62.0731,16.6593,8.69435,0.0324596,0.0245441,275.563,1.0,0.0,0.0,6
8.29741,15.2657,60.2543,17.0928,8.81408,0.0511086,0.0315455,275.334,1.0,0.0,0.0,6
7.73409,13.8293,55.7231,19.2019,9.43419,0.0839844,-4.51416E-4,275.061,1.0,0.0,0.0,6
6.27907,11.3063,52.6947,22.5289,10.9879,0.254356,-0.00634909,274.826,1.0,0.0,0.0,6
5.45833,10.1029,55.1823,23.2132,11.7268,0.363503,0.00724643,274.233,1.0,0.0,0.0,6
6.05356,12.5541,76.3815,18.9929,10.7428,0.354509,0.0768963,273.023,1.0,0.0,-0.05000000074505806,6
8.32869,17.1707,81.387,15.2317,8.78827,0.124101,0.0927846,272.315,1.0,0.0,0.0,6
9.20498,16.7982,60.3185,15.2359,7.90581,-0.0630993,0.0229903,272.809,1.0,0.0,0.0,6
8.53204,15.3106,54.497,17.1665,8.58405,3.99503E-4,0.0111989,272.567,1.0,0.0,0.0,6
7.61974,13.9946,62.5627,18.6689,9.49747,0.12533,0.0282017,271.232,1.0,0.0,-5.9604644775390625E-8,6
7.49987,14.3142,73.4638,17.8979,9.57122,0.152732,0.0354962,269.733,1.0,0.0,0.0,6
7.77152,14.1487,62.4068,18.4783,9.36831,0.0879849,0.00453258,269.991,1.0,0.0,-0.20000000298023224,6
8.47404,15.6681,69.3548,16.56,8.63891,0.0207741,0.0183559,269.834,1.0,0.0,-0.15000000596046448,6
10.1446,19.72,90.8813,12.7389,7.12394,-0.11817,0.0580562,269.256,1.0,0.0,0.0,6
11.8919,23.5913,140.429,9.83502,5.6835,-0.28049,0.0778844,269.047,1.0,0.0,0.0,6
11.9047,21.024,103.897,9.81011,5.04042,-0.416554,-0.0023638,269.684,1.0,0.0,0.0,6
11.5168,21.7712,161.844,10.5062,5.62638,-0.331598,0.0201807,269.425,1.0,0.0,0.0,6
11.1017,20.7519,129.204,11.3196,5.9901,-0.302857,-0.00349748,269.935,1.0,0.0,0.0,6
10.9709,20.521,106.364,11.5655,6.12443,-0.286853,-0.00306571,270.596,1.0,0.0,0.0,6
10.8156,19.553,83.1489,11.9976,6.24373,-0.273231,-0.00307977,271.231,1.0,0.0,-0.05000000074505806,6
11.8012,22.32,197.243,9.97106,5.49096,-0.33268,0.038749,271.086,1.0,0.0,0.0,6
11.2452,19.7613,151.619,11.2945,5.64989,-0.359564,-0.0201087,271.796,1.0,0.0,0.0,6
9.55371,16.7112,128.35,15.2945,7.45431,-0.182542,-0.0506957,272.748,1.0,0.0,0.0,6
8.18631,14.9924,200.0,17.2824,8.94472,0.0238085,-0.0171869,273.499,1.0,0.0,0.0,6
8.25383,15.6595,200.0,16.4892,8.85513,0.0422922,0.00600576,274.255,1.0,0.0,0.0,6
8.4783,16.0812,180.291,16.0812,8.63387,0.0160514,0.00584137,275.198,1.0,0.0,0.0,6
8.69198,16.4865,156.71,15.6887,8.42314,-0.00874615,0.00584233,276.123,1.0,0.0,0.0,6
8.89824,16.8777,133.067,15.3099,8.21974,-0.0326835,0.00584173,277.036,1.0,0.0,0.0,6
9.13222,17.3215,108.533,14.8801,7.98899,-0.0598388,0.00584149,278.019,1.0,0.0,0.0,6
9.34682,17.7285,85.3212,14.4859,7.77736,-0.0847438,0.00584137,278.965,1.0,0.0,0.0,6
8.49505,14.4168,83.128,18.7271,8.68315,-0.078799,-0.0751019,279.0,1.0,0.0,0.4500000476837158,6
4.42553,6.89838,92.3044,29.1215,14.8459,0.393473,-0.155671,277.706,1.0,0.0,0.0,6
1.63313,3.59947,65.5751,21.6419,13.9383,0.82467,0.0594754,278.815,1.0,0.0,0.10000000149011612,6
4.92566,9.71412,200.0,21.5152,11.9503,0.444592,0.0291735,278.081,1.0,0.0,0.0,6
6.5504,13.191,200.0,18.4122,10.3901,0.272291,0.0407878,279.183,1.0,0.0,0.0,6
8.17351,16.1963,200.0,15.9949,8.91894,0.0882457,0.0400087,280.239,1.0,0.0,0.0,6
9.1543,17.5725,200.0,14.6759,7.9853,-0.0446112,0.022398,281.188,1.0,0.0,0.0,6
9.45086,17.6332,200.0,14.4662,7.66127,-0.102006,0.00480831,279.082,0.0,0.0,0.0,6
9.09684,16.6458,200.0,15.4633,7.99555,-0.0827193,-0.0127258,257.39,0.0,0.5,0.0,5
8.5507,15.6776,200.0,16.5269,8.56484,-0.0187284,-0.0164062,244.295,0.0,0.0,0.0,5
8.01833,14.7151,200.0,17.5746,9.11742,0.0453988,-0.0157706,244.191,1.0,0.0,0.0,5
7.52654,13.8199,200.0,18.5458,9.62703,0.104323,-0.0154078,244.042,0.0,0.0,0.0,5
7.06057,13.0099,200.0,19.3828,10.101,0.162089,-0.0130256,239.893,0.0,0.0,0.0,5
6.67127,12.3336,195.536,20.059,10.4918,0.210352,-0.0107836,235.822,0.0,0.0,0.0,5
6.34448,11.7455,175.339,20.6596,10.822,0.249834,-0.00986779,234.941,0.6000000000000001,0.0,0.0,5
6.06351,11.2489,156.686,21.1445,11.1009,0.284224,-0.00847256,231.703,0.0,0.5,0.0,5
5.84102,10.8608,139.096,21.5055,11.3178,0.311708,-0.00696361,209.036,0.0,0.5,0.0,4
5.69832,10.6621,123.427,21.5856,11.4342,0.331769,-0.00285769,183.791,0.0,0.5,0.0,3
5.64673,10.6033,109.787,21.575,11.47,0.339633,-5.48124E-4,167.563,0.0,0.0,0.0,3
5.65621,10.652,96.4784,21.4708,11.4477,0.339993,0.00131524,168.128,1.0,0.0,0.0,3
5.66463,10.6328,81.8679,21.5531,11.4539,0.337341,-8.00371E-4,167.184,0.0,0.0,0.0,3
5.58618,10.4088,65.1704,21.9302,11.5668,0.342808,-0.00558114,163.371,0.0,0.0,0.0,3
5.96797,12.1932,59.9607,19.0873,10.881,0.34363,0.0484895,159.667,0.0,0.0,0.0,3
7.55297,16.3379,49.8598,15.9603,9.43663,0.202055,0.0781064,156.204,0.0,0.0,0.0,3
10.1202,18.9356,44.5756,12.7321,7.31157,-0.0166714,0.161964,152.513,0.0,0.0,0.0,3
11.6498,20.1661,43.1143,10.27,5.72315,-0.256448,0.125459,148.781,0.0,0.0,0.0,3
11.7116,19.0597,38.6884,10.3723,5.20347,-0.367722,0.0606493,145.592,0.0,0.0,0.0,3
10.1497,15.3414,29.6298,60.4545,6.52358,-0.325313,-0.0559267,146.175,0.0,0.0,-0.40000003576278687,3
9.07558,14.1654,29.1304,61.7815,8.00552,-0.150067,-0.0300395,141.978,0.0,0.0,-0.5000000596046448,3
8.15743,13.2392,29.1128,64.4813,9.12143,0.00406439,0.00149798,137.369,0.0,0.0,-0.15000000596046448,3
7.41452,12.3291,28.5256,66.5415,9.96283,0.11529,0.0186863,132.954,0.0,0.0,-0.3000001311302185,3
8.07902,15.1847,39.606,17.4809,9.00054,0.16504,0.138488,126.007,0.0,0.0,-0.15000000596046448,3
8.95897,17.5939,46.3664,14.4612,8.3018,0.123549,0.17836,121.116,0.0,0.0,0.0,3
9.83187,18.2387,48.5588,13.4195,7.48429,-0.0157249,0.143344,120.536,1.0,0.0,0.0,3
9.91964,16.5908,45.0222,15.4272,7.08991,-0.156648,0.0495434,127.813,1.0,0.0,0.0,3
9.14068,14.8945,55.5273,18.8371,7.90925,-0.133915,-0.018024,134.805,1.0,0.0,0.0,3
7.95928,13.7653,91.8213,19.3733,9.27792,0.00540352,-0.0596106,142.02,1.0,0.0,0.0,3
7.33525,13.1345,147.942,19.6368,9.88789,0.109369,-0.0331168,149.402,1.0,0.0,0.0,3
6.69393,11.981,133.794,21.0302,10.5836,0.186953,-0.0334289,156.303,1.0,0.0,-0.15000000596046448,3
7.50579,15.3442,132.458,16.6771,9.51086,0.174836,0.0488017,162.774,1.0,0.0,0.0,3
8.04941,15.5085,200.0,16.6103,9.0472,0.0767312,0.0154817,168.265,1.0,0.0,0.0,3
6.76436,11.7023,78.3333,22.2367,10.6544,0.154938,-0.0593691,170.547,1.0,0.0,0.0,4
6.14849,11.7848,171.147,20.098,10.896,0.292033,0.012327,175.239,1.0,0.0,0.0,4
6.57163,12.8657,159.157,18.8927,10.4318,0.255057,0.0249643,180.284,1.0,0.0,0.0,4
7.16751,14.0225,143.825,17.8881,9.87146,0.187097,0.0245588,185.017,1.0,0.0,0.0,4
7.82353,15.3058,127.153,16.7671,9.25276,0.112688,0.0245533,190.024,1.0,0.0,0.0,4
8.49656,16.6223,110.038,15.6171,8.618,0.0363444,0.0245438,194.992,0.6000000000000001,0.0,0.0,4
9.13837,17.8117,92.6002,14.5583,8.009,-0.0392581,0.022378,182.972,0.0,0.5,0.0,3
9.64465,18.709,76.9954,13.7268,7.52109,-0.100687,0.0195594,159.225,0.0,0.5,0.0,3
9.93469,19.0689,63.9236,13.3048,7.22242,-0.14271,0.0131974,136.557,0.0,0.5,0.0,3
10.0851,19.195,52.7679,13.1018,7.05729,-0.167372,0.0080018,123.727,0.0,0.0,0.0,3
10.1812,18.501,41.6333,12.9849,6.95289,-0.18217,0.00542569,122.223,1.0,0.0,0.0,3
10.3469,16.9312,33.7448,14.6278,6.61621,-0.207624,0.0582497,126.696,0.0,0.0,0.0,3
10.1305,15.991,28.0095,42.1456,6.71259,-0.239507,0.0139992,124.208,0.0,0.0,-0.30000001192092896,3
10.0345,14.7852,23.0474,37.9212,6.74265,-0.225898,0.0379942,121.085,0.0,0.0,-0.6000000834465027,3
9.55976,13.3727,21.3487,72.8851,7.36272,-0.182605,0.0822423,114.265,0.0,0.0,-0.3500000238418579,3
6.74886,10.781,38.241,27.7843,11.2078,0.119222,-0.00754946,102.125,0.2,0.0,0.0,3
11.4079,22.7668,98.7497,10.6133,5.9494,-0.275438,0.0358489,198.703,1.0,0.0,0.0,4
12.4091,24.7639,81.5746,8.97355,5.03006,-0.387418,0.035826,203.269,1.0,0.0,0.0,4
13.4318,26.8037,64.0143,7.29831,4.09089,-0.501806,0.0358041,207.632,1.0,0.0,0.0,4
12.6677,22.452,81.4711,8.1361,4.04112,-0.550985,-0.0406668,211.318,1.0,0.0,0.0,4
11.8787,21.452,60.3076,9.87448,4.9597,-0.444545,-0.0345208,215.327,1.0,0.0,0.0,4
11.5648,24.5385,41.7091,10.3601,5.69083,-0.336614,-0.0128204,219.132,1.0,0.0,0.0,4
12.7815,29.2408,36.4717,8.48943,4.78695,-0.426336,0.0129026,222.344,0.4000000000000001,0.0,0.0,4
16.3498,38.7172,17.4352,4.44122,2.72586,-0.64429,0.0979555,223.509,1.0,0.0,0.05000000074505806,4
16.0466,29.1797,200.0,1.29592,0.665182,-0.924327,-0.0221087,224.774,1.0,0.0,0.0,4
14.7513,24.8177,125.994,2.35072,1.07234,-0.887407,-0.0824839,225.736,1.0,0.0,0.0,4
12.559,20.9664,99.8617,8.18153,3.67514,-0.617803,-0.0892207,226.713,1.0,0.0,0.0,4
10.1359,16.9324,81.0756,14.847,6.67833,-0.304905,-0.088638,226.747,1.0,0.0,0.0,5
8.75149,15.8093,200.0,16.4081,8.35495,-0.0550466,-0.0267665,229.27,1.0,0.0,0.0,5
7.81309,14.0594,175.933,18.475,9.36189,0.0551348,-0.0295426,232.245,1.0,0.0,0.0,5
6.92618,12.4638,156.059,20.3521,10.3135,0.16241,-0.0295235,235.178,1.0,0.0,0.0,5
6.02827,10.8482,135.895,22.2525,11.2768,0.271007,-0.0295083,238.016,1.0,0.0,0.0,5
5.12034,9.21445,115.459,24.1743,12.2508,0.380809,-0.0295002,240.678,1.0,0.0,-0.15000000596046448,5
5.68003,11.2421,200.0,20.1696,11.2346,0.361183,0.0312107,242.73,1.0,0.0,0.0,5
6.66916,13.165,200.0,18.5698,10.322,0.24851,0.0297111,244.956,1.0,0.0,0.0,5
7.67893,15.1586,200.0,16.8771,9.38127,0.134743,0.0297244,247.012,1.0,0.0,0.0,5
8.69692,17.1685,188.703,15.1708,8.43296,0.020049,0.0297349,248.932,1.0,0.0,0.0,5
9.72294,19.1943,167.26,13.4513,7.47723,-0.0955465,0.0297454,250.714,1.0,0.0,0.0,5
10.7563,21.2347,145.661,11.7196,6.51477,-0.211953,0.0297602,252.379,1.0,0.0,0.0,5
9.9423,17.2612,120.502,14.5268,6.99951,-0.238374,-0.0565526,253.257,1.0,0.0,0.0,5
8.6117,15.1722,129.042,17.2849,8.51344,-0.0595964,-0.0451772,254.832,1.0,0.0,-0.20000000298023224,5
9.20973,18.1901,176.366,14.3067,7.95583,-0.0373525,0.0300248,255.73,1.0,0.0,0.0,5
10.0758,19.7115,192.188,12.918,7.12848,-0.142785,0.0245341,257.285,1.0,0.0,0.20000000298023224,5
9.10418,16.3376,192.509,15.793,7.97484,-0.103457,-0.031531,258.358,1.0,0.0,0.0,5
8.50992,16.0527,200.0,16.1088,8.60283,0.00825145,0.00236828,259.64,1.0,0.0,0.0,5
8.427,15.8644,200.0,16.2962,8.68564,0.0164086,0.00108606,261.112,1.0,0.0,0.0,5
8.46848,15.9423,200.0,16.2187,8.64426,0.011558,0.00107891,262.636,0.20000000000000007,0.0,0.0,5
8.52639,16.0852,177.547,16.0768,8.58644,0.00639629,0.00242263,246.022,0.0,0.5,0.0,4
8.58615,16.1636,156.717,15.9988,8.5269,-0.00218894,0.00106842,220.233,0.0,0.5,0.0,4
8.54873,15.9789,140.469,16.1851,8.5644,-0.00329503,-0.00353306,200.078,0.0,0.0,0.0,4
8.41818,15.6657,124.328,16.5118,8.69727,0.00865416,-0.00642174,196.707,0.0,0.5,0.0,4
8.21412,15.2297,107.916,16.9759,8.90683,0.0299101,-0.00886267,173.4,0.0,0.5,0.0,3
7.95085,14.6029,95.4202,17.6919,9.18652,0.0540276,-0.0152261,149.404,0.0,0.3,0.0,3
7.59694,13.8419,84.0648,18.5977,9.5684,0.090404,-0.0207259,142.015,0.0,0.0,0.0,3
7.18264,13.0131,72.8895,19.606,10.0191,0.136112,-0.0246984,129.15,0.0,0.0,0.0,3
6.69539,12.0686,61.6243,20.7846,10.5548,0.19141,-0.0283243,126.685,0.0,0.0,0.0,3
6.21072,11.1798,50.8568,21.1644,11.0796,0.249121,-0.0292985,128.305,0.0,0.0,0.0,3
4.68222,7.53254,49.4438,25.1623,13.6012,0.362747,-0.148825,125.604,0.0,0.0,0.0,3
3.17047,5.55294,40.4392,22.97,14.1293,0.595514,-0.0921633,123.485,0.0,0.0,0.0,3
2.32842,4.09699,36.9536,22.2535,14.6054,0.704575,-0.0863654,121.05,0.0,0.0,0.0,3
2.31478,4.98635,30.8159,18.7549,13.2902,0.735332,-8.70403E-4,118.34,0.0,0.0,0.5500000715255737,3
3.05475,6.43255,39.3458,19.5424,13.0579,0.642595,-0.0280825,113.57,0.0,0.0,0.25,3
4.03872,7.90674,61.6208,20.4527,12.7067,0.511063,-0.0544426,108.768,0.4,0.0,0.0,3
4.68473,9.8773,41.247,22.3812,11.9022,0.466809,-4.73976E-4,106.972,0.0,0.0,0.0,3
6.4342,13.0475,41.5988,19.5827,10.3934,0.347139,0.131928,105.602,1.0,0.0,0.0,3
6.96455,12.3091,32.8168,27.0586,10.2534,0.202594,0.0448365,111.889,1.0,0.0,-0.20000000298023224,3
7.3999,12.7099,31.4839,67.0314,9.85836,0.135455,0.0315354,116.954,0.0,0.0,-0.3500000238418579,3
8.74609,15.6406,37.0992,17.064,8.37649,0.0460163,0.0963004,114.214,1.0,0.0,0.0,3
8.33697,13.5388,29.2112,100.732,8.88868,-0.0141934,0.00497324,118.464,0.0,0.0,-0.40000003576278687,3
8.41938,13.575,28.4013,70.1235,8.79625,-0.0240548,0.009013,115.714,0.0,0.0,-0.25,3
9.39842,15.9938,37.3676,17.0244,7.7096,-0.0399586,0.101204,111.664,0.0,0.0,0.0,3
9.5097,15.4551,59.7484,20.7598,7.51577,-0.101536,0.0692671,109.385,1.0,0.0,0.0,3
7.68571,11.2265,49.1458,22.4764,10.7592,-0.0552139,-0.110655,115.946,0.8,0.0,0.0,3
5.02677,9.06655,39.5404,19.9176,12.2538,0.322728,-0.185363,116.392,0.0,0.0,0.30000001192092896,3
3.80627,7.53969,39.894,20.0392,12.8109,0.537677,-0.060888,115.101,1.0,0.0,0.0,3
4.65883,12.0926,35.4635,17.5825,11.5813,0.500861,0.0413879,116.565,0.0,0.0,0.0,3
5.01089,10.5739,45.5065,18.9604,11.6844,0.421707,-0.0113928,113.352,0.0,0.0,0.0,3
4.85677,9.62321,58.778,20.2621,12.0025,0.428453,-0.0227439,111.45,1.0,0.0,0.0,3
5.68696,13.2775,49.1219,17.5644,10.9151,0.392628,0.0550063,117.838,1.0,0.0,0.0,3
7.87009,22.7125,39.5012,14.2979,9.19432,0.230782,0.113699,124.429,1.0,0.0,0.20000000298023224,3
8.51528,17.4991,113.985,15.0521,8.61433,0.057201,0.030134,130.372,1.0,0.0,0.0,3
8.39275,14.9824,159.001,17.4381,8.74578,-0.0215589,-0.0353441,136.594,1.0,0.0,0.0,3
7.50585,13.0892,96.5867,20.1481,9.77486,0.0685752,-0.0530636,143.835,1.0,0.0,0.0,3
6.54593,11.436,86.4057,22.3139,10.8554,0.188924,-0.0516505,150.626,1.0,0.0,-0.20000000298023224,3
6.71095,12.8838,200.0,19.0551,10.3458,0.228207,0.0133193,157.026,1.0,0.0,0.0,3
6.93666,13.2824,200.0,18.7068,10.1328,0.200697,0.0117286,163.293,1.0,0.0,0.0,3
7.20083,13.7878,200.0,18.2333,9.87598,0.170234,0.0117057,165.52,1.0,0.0,0.0,4
7.48501,14.3319,200.0,17.723,9.59962,0.137486,0.0117057,170.625,1.0,0.0,0.0,4
7.75775,14.8541,200.0,17.2334,9.33439,0.106056,0.0117038,175.416,1.0,0.0,0.0,4
8.0379,15.3905,200.0,16.7304,9.06195,0.0737741,0.0117047,180.2,1.0,0.0,0.0,4
8.34759,15.9835,200.0,16.1744,8.76078,0.0380872,0.0117038,185.312,1.0,0.0,0.0,4
8.64489,16.5528,200.0,15.6406,8.47165,0.0038284,0.0117038,190.063,1.0,0.0,0.0,4
8.94942,17.1358,200.0,15.0939,8.17551,-0.0312636,0.0117038,194.785,1.0,0.0,0.0,4
9.26121,17.7328,200.0,14.5341,7.87229,-0.0671915,0.0117038,199.411,1.0,0.0,0.0,4
9.57966,18.3426,200.0,13.9623,7.56261,-0.103887,0.0117038,203.802,1.0,0.0,0.0,4
9.90393,18.9635,200.0,13.3801,7.24726,-0.141254,0.0117038,207.952,1.0,0.0,0.0,4
10.2351,19.5976,200.0,12.7854,6.92516,-0.17942,0.0117038,211.866,1.0,0.0,0.0,4
10.5743,20.2471,200.0,12.1765,6.59533,-0.218504,0.0117033,215.562,1.0,0.0,0.0,4
10.9127,20.8943,200.0,11.569,6.26607,-0.257537,0.0116809,216.326,1.0,0.0,0.0,5
11.2554,21.5501,200.0,10.9538,5.93279,-0.297033,0.0116742,219.325,1.0,0.0,0.0,5
11.6034,22.2161,200.0,10.329,5.59433,-0.337141,0.0116676,222.286,1.0,0.0,0.0,5
11.9559,22.891,200.0,9.69593,5.25144,-0.377772,0.0116647,225.197,1.0,0.0,0.0,5
12.3118,23.5723,200.0,9.05684,4.90528,-0.418788,0.0116628,228.045,1.0,0.0,0.0,5
12.7002,24.3159,200.0,8.35944,4.52756,-0.463543,0.0116628,231.013,1.0,0.0,0.0,5
13.0643,25.0131,200.0,7.7056,4.17344,-0.505501,0.0116637,233.692,1.0,0.0,0.0,5
13.4359,25.7245,200.0,7.03829,3.81202,-0.548326,0.0116628,236.27,1.0,0.0,0.0,5
13.8353,26.4893,191.295,6.32106,3.42356,-0.594353,0.0116633,238.97,1.0,0.0,0.0,5
14.2149,27.2162,170.67,5.63932,3.05432,-0.638104,0.0116628,241.452,1.0,0.0,0.0,5
14.2817,26.6371,200.0,5.23448,2.76367,-0.678915,-0.00494164,243.767,1.0,0.0,0.0,5
12.111,20.7835,127.275,9.38149,4.43572,-0.523391,-0.0658786,245.527,1.0,0.0,0.0,5
10.3732,18.2181,147.968,13.3423,6.54173,-0.27967,-0.0475836,247.664,1.0,0.0,0.0,5
10.768,20.6619,200.0,11.8187,6.41392,-0.238846,0.0130075,249.387,1.0,0.0,0.0,5
11.1727,21.4064,200.0,11.1002,6.01582,-0.286849,0.0120915,251.44,1.0,0.0,0.0,5
11.5877,22.2018,200.0,10.3562,5.61266,-0.334635,0.0120991,253.401,1.0,0.0,0.0,5
12.0591,23.1051,200.0,9.51105,5.15463,-0.388934,0.0120991,255.537,1.0,0.0,0.0,5
12.4813,23.9138,200.0,8.75433,4.74451,-0.437553,0.0120981,257.317,1.0,0.0,0.0,5
12.9048,24.7237,200.0,7.99471,4.33257,-0.486411,0.0120576,256.651,1.0,0.0,0.0,6
13.3289,25.5362,200.0,7.23446,3.92058,-0.535248,0.0120605,257.922,1.0,0.0,0.15000000596046448,6
10.8177,17.8614,78.2505,13.1808,5.78327,-0.407084,-0.0990617,258.006,1.0,0.0,0.0,6
8.65986,15.298,135.575,17.1085,8.4587,-0.0631615,-0.0431437,258.972,1.0,0.0,0.0,6
7.27096,13.003,142.823,19.8148,9.96109,0.116267,-0.0340383,260.206,1.0,0.0,0.0,6
6.07712,10.8675,119.268,22.3922,11.2561,0.261345,-0.0340693,261.476,1.0,0.0,-0.15000000596046448,6
6.84282,13.8003,164.117,17.9186,10.1223,0.240592,0.0415877,262.07,1.0,0.0,0.0,6
8.29647,16.6428,185.537,15.6488,8.80582,0.075803,0.0386837,263.291,1.0,0.0,0.0,6
9.77388,19.5967,162.053,13.2581,7.45779,-0.0891592,0.038411,259.973,0.0,0.5,0.0,6
11.0236,22.0182,140.832,11.2405,6.30492,-0.231748,0.0363105,236.09,0.0,0.5,0.0,6
12.0953,24.0813,121.727,9.48487,5.30726,-0.354592,0.0345257,212.814,0.0,0.5,0.0,6
13.0786,25.9934,103.694,7.85878,4.39151,-0.466534,0.0335501,188.796,0.0,0.5,0.0,5
13.8379,27.3991,88.5434,6.5772,3.66464,-0.555884,0.0314286,166.324,0.0,0.5,0.0,5
14.4749,28.6043,75.4445,5.49801,3.05866,-0.62978,0.0303233,144.598,0.0,0.5,0.0,4
14.9793,28.8283,64.0749,4.61486,2.56033,-0.690783,0.0283569,122.663,0.0,0.0,0.0,4
15.419,26.5093,53.2157,3.80789,2.10906,-0.745629,0.0271524,121.469,1.0,0.0,0.0,4
14.6294,22.6018,42.2298,3.20255,1.68734,-0.799807,0.0208591,124.296,0.0,0.0,0.0,4
13.2653,19.7028,35.933,5.46775,2.40857,-0.740355,-0.0511071,122.715,0.0,0.0,0.0,3
11.1886,16.1919,29.3611,58.6843,4.78479,-0.540497,-0.115616,121.084,0.0,0.0,0.0,3
10.3849,16.0484,31.9858,19.3834,6.29115,-0.322843,-0.0319111,117.013,0.0,0.0,0.0,3
9.8854,15.7166,32.6577,19.496,6.99864,-0.219933,-0.00227612,113.896,0.0,0.0,-0.15000000596046448,3
9.42652,14.9447,31.1925,65.4135,7.55179,-0.171212,-0.0104405,111.264,0.0,0.0,-0.25,3
9.85775,16.2476,34.9288,16.4043,7.13152,-0.160916,0.0419582,109.9,1.0,0.0,0.0,3
9.75554,15.9345,33.9921,17.5468,7.22017,-0.161387,0.032481,111.979,0.6000000000000001,0.0,0.0,3
9.30611,14.8185,31.0658,65.3729,7.70434,-0.148166,-0.00254696,114.591,0.0,0.0,-0.5500000715255737,3
10.4269,17.7362,38.6426,13.2914,6.68306,-0.170092,0.0872071,113.105,0.8,0.0,-0.15000000596046448,3
11.4098,19.4026,41.1817,10.8356,5.80153,-0.263497,0.103422,112.546,1.0,0.0,0.0,3
11.0635,17.6114,35.4699,12.7592,5.68966,-0.339859,0.0242804,117.778,0.20000000000000007,0.0,0.0,3
10.8363,16.8737,35.1269,14.7822,5.80128,-0.353431,-0.00652378,121.888,1.0,0.0,0.0,3
9.9844,15.2987,39.8717,20.3055,6.77945,-0.286262,-0.0424182,128.185,1.0,0.0,0.0,3
7.8803,12.4047,37.114,25.3464,9.73941,-0.0702418,-0.145179,135.004,1.0,0.0,0.0,3
5.5912,8.95469,26.904,102.655,12.7623,0.252569,-0.127887,141.886,1.0,0.0,0.0,3
4.46522,7.75288,28.409,36.9062,13.394,0.454784,-0.0298263,148.278,1.0,0.0,0.0,3
3.96977,7.30731,31.6083,31.7468,13.4261,0.539104,0.0139802,153.326,0.0,0.0,-0.05000007152557373,3
4.99914,10.3093,46.9523,21.9619,11.6839,0.476626,0.0971769,153.975,0.8,0.0,-0.20000000298023224,3
6.38082,12.3822,45.6621,20.5367,10.5734,0.31065,0.0797113,156.113,0.8,0.0,-0.05000000074505806,3
9.00285,19.8661,63.1868,13.5518,8.36268,0.147713,0.174952,153.815,1.0,0.0,0.0,3
12.2045,25.4198,82.4161,9.60956,6.15141,-0.134838,0.200834,157.13,1.0,0.0,0.0,3
13.3097,22.7919,70.282,7.25413,4.13141,-0.47254,0.0939582,163.664,1.0,0.0,0.0,3
13.11,21.452,83.6362,6.67815,3.30346,-0.615118,0.0125521,168.736,1.0,0.0,0.0,3
10.9415,18.1097,72.3278,12.7809,5.63784,-0.420141,-0.0968711,174.301,1.0,0.0,-0.30000001192092896,3
10.6386,19.3339,84.6556,12.4072,6.36385,-0.276415,-0.0225355,176.885,1.0,0.0,0.0,3
10.029,18.18,68.2467,13.6915,7.00128,-0.205703,-0.0243112,177.444,1.0,0.0,0.0,4
10.0831,18.8956,63.819,13.0547,7.10173,-0.151068,0.0193151,180.539,1.0,0.0,0.0,4
11.4348,21.5459,74.0241,10.5882,5.96183,-0.251124,0.0757793,184.429,1.0,0.0,0.0,4
12.1945,21.6565,70.9964,9.2221,4.91765,-0.409687,0.0322393,188.67,1.0,0.0,-0.10000000149011612,4
12.8945,23.2505,86.7147,7.89617,4.27324,-0.483648,0.0364721,192.613,1.0,0.0,0.0,4
11.8864,20.3243,67.9539,9.91053,4.82426,-0.463118,-0.0347125,196.86,1.0,0.0,-0.10000000149011612,4
11.1365,19.1635,72.5163,11.6762,5.69272,-0.363575,-0.0300881,200.749,1.0,0.0,0.0,4
9.73896,16.7815,84.5447,15.1356,7.24821,-0.193542,-0.0318152,204.594,1.0,0.0,0.0,4
8.44952,14.4896,88.0604,18.4718,8.72302,-0.0597257,-0.0556685,207.75,1.0,0.0,0.0,4
6.38796,10.937,65.3876,23.6742,11.1495,0.194897,-0.0677721,212.063,1.0,0.0,0.0,4
4.53044,7.75669,46.3754,28.3124,13.334,0.42901,-0.0677697,215.718,1.0,0.0,-0.10000000149011612,4
3.03934,5.30105,39.1975,30.5872,14.843,0.622889,-0.0529391,218.942,1.0,0.0,0.0,4
1.50976,2.63167,19.3103,34.2149,16.5883,0.81258,-0.0534069,220.298,1.0,0.0,0.0,5
-1.0,-1.0,-1.0,-1.0,-1.0,1.00331,-0.0533773,222.421,1.0,0.0,-0.05000000074505806,5
-1.0,-1.0,-1.0,-1.0,-1.0,1.09763,0.0200751,224.595,1.0,0.0,0.0,5
-1.0,-1.0,-1.0,-1.0,-1.0,1.04843,0.014663,227.397,1.0,0.0,0.0,5
0.0254174,0.0489064,200.0,30.8727,16.7959,0.997082,0.0146845,229.978,1.0,0.0,0.0,5
0.501566,0.965078,200.0,30.0276,16.3361,0.942414,0.0146845,232.694,1.0,0.0,0.0,5
0.953421,1.8345,200.0,29.2257,15.8998,0.890535,0.014684,235.203,1.0,0.0,0.0,5
1.44927,2.78857,200.0,28.3456,15.421,0.833606,0.014684,237.841,1.0,0.0,0.0,5
1.93591,3.72493,189.299,27.4819,14.9511,0.777733,0.014684,240.439,1.0,0.0,0.0,5
2.43985,4.69458,167.892,26.5874,14.4645,0.719874,0.014684,242.973,1.0,0.0,0.0,5
2.94336,5.6634,146.164,25.7013,13.9783,0.662065,0.014684,245.395,1.0,0.0,0.0,5
3.44443,6.60638,124.174,25.0883,13.524,0.604093,0.0141104,247.708,1.0,0.0,0.0,5
3.77069,7.14132,103.575,25.0732,13.2965,0.562678,0.00699979,249.778,1.0,0.0,0.0,5
3.76836,6.98495,82.64,26.5271,13.4758,0.556441,-0.00484198,251.759,1.0,0.0,0.0,5
3.06288,5.4795,60.6253,28.8719,14.5212,0.627841,-0.0337692,253.78,1.0,0.0,0.0,5
1.99431,3.56782,39.4751,31.1747,15.6794,0.757679,-0.0337686,255.597,1.0,0.0,0.0,5
0.848284,1.51758,16.7911,33.6444,16.9215,0.896928,-0.0337681,257.454,1.0,0.0,0.0,5
-1.0,-1.0,-1.0,-1.0,-1.0,1.0301,-0.0337679,259.114,1.0,0.0,0.0,5
-1.0,-1.0,-1.0,-1.0,-1.0,1.16326,-0.0337675,260.695,1.0,0.0,0.0,5
-1.0,-1.0,-1.0,-1.0,-1.0,1.30531,-0.0337598,260.324,1.0,0.0,0.0,6
-1.0,-1.0,-1.0,-1.0,-1.0,1.43848,-0.0337795,261.11,1.0,0.0,0.0,6
-1.0,-1.0,-1.0,-1.0,-1.0,1.56143,0.00231577,262.127,1.0,0.0,0.0,6
-1.0,-1.0,-1.0,-1.0,-1.0,1.57515,-0.00162567,263.267,1.0,0.0,0.0,6
-1.0,-1.0,-1.0,-1.0,-1.0,1.58181,-0.00159697,264.293,1.0,0.0,0.0,6
-1.0,-1.0,-1.0,-1.0,-1.0,1.58891,-0.00159754,265.355,1.0,0.0,0.0,6
-1.0,-1.0,-1.0,-1.0,-1.0,1.58956,0.023952,266.203,1.0,0.0,0.0,6
-1.0,-1.0,-1.0,-1.0,-1.0,1.4769,0.0305682,267.18,1.0,0.0,0.0,6
-1.0,-1.0,-1.0,-1.0,-1.0,1.35372,0.0305652,268.109,1.0,0.0,0.0,6
-1.0,-1.0,-1.0,-1.0,-1.0,1.23054,0.03057,269.025,1.0,0.0,0.0,6
-1.0,-1.0,-1.0,-1.0,-1.0,1.09741,0.030576,269.99,1.0,0.0,0.0,6
0.244873,0.48114,117.702,30.0711,16.407,0.972346,0.0276165,270.89,1.0,0.0,0.0,6
1.01709,1.95715,95.4517,29.6249,15.8843,0.883301,0.0153953,271.833,1.0,0.0,0.0,6
1.34012,2.52958,72.8833,29.9456,15.7684,0.843994,0.00356838,272.811,1.0,0.0,0.0,6
1.24414,2.30736,50.0409,31.0893,16.0673,0.853205,-0.00788809,273.792,1.0,0.0,0.0,6
0.709294,1.29371,25.4248,32.3549,16.798,0.915128,-0.0197227,274.809,1.0,0.0,0.0,6
0.158325,0.312256,160.489,29.0865,16.3389,0.9822,0.030138,275.361,1.0,0.0,0.0,6
2.0647,4.39468,108.486,23.9511,14.0875,0.778764,0.0676818,275.919,1.0,0.0,0.0,6
4.92114,10.6925,85.7133,19.5906,11.6194,0.479004,0.075839,276.809,1.0,0.0,0.0,6
6.73343,12.2557,200.0,20.3932,10.4792,0.19225,-0.0233224,276.538,1.0,0.0,0.0,6
6.74518,12.5633,153.383,19.4863,10.4053,0.203667,-0.00856899,277.468,1.0,0.0,0.0,6
7.17651,14.5091,129.015,17.2972,9.83201,0.191295,0.0242787,278.384,1.0,0.0,0.0,6
8.06941,14.7447,200.0,17.5683,9.0689,0.0360135,-0.0187539,278.607,1.0,0.0,0.0,6
7.65684,13.9949,200.0,18.3969,9.49982,0.0855124,-0.0185517,279.488,1.0,0.0,0.0,6
6.95897,12.7182,183.949,19.812,10.2295,0.168801,-0.0186148,280.434,1.0,0.0,0.0,6
6.2498,11.4222,158.963,21.2477,10.9709,0.253509,-0.0186116,281.349,1.0,0.0,0.0,6
5.57823,10.1948,135.375,22.6073,11.6729,0.333725,-0.0186101,282.201,1.0,0.0,0.0,6
5.90433,11.8936,200.0,19.4451,10.9754,0.344205,0.0409531,282.669,1.0,0.0,0.0,6
7.2314,14.2737,200.0,17.6426,9.79614,0.187456,0.0328423,283.494,1.0,0.0,0.0,6
8.25402,16.0614,200.0,16.1046,8.84779,0.0631658,0.0249894,284.213,1.0,0.0,0.0,6
9.02797,17.458,200.0,14.8363,8.10709,-0.0326889,0.017695,284.948,1.0,0.0,0.0,6
9.69704,18.7519,200.0,13.6625,7.46566,-0.109223,0.0176947,285.608,1.0,0.0,0.0,6
10.3684,20.0501,200.0,12.4846,6.82202,-0.186019,0.017695,286.241,1.0,0.0,0.0,6
11.0869,21.4395,200.0,11.2241,6.13324,-0.268203,0.0176946,286.912,1.0,0.0,0.0,6
11.8077,22.8334,200.0,9.95939,5.44216,-0.35066,0.0176943,287.536,1.0,0.0,0.0,6
12.4856,24.1443,200.0,8.77007,4.79228,-0.428202,0.0176948,288.025,1.0,0.0,0.0,6
13.1817,25.0971,200.0,7.51503,4.09774,-0.511082,0.0176998,288.376,1.0,0.0,0.0,6
13.3453,24.7124,200.0,7.04162,3.73988,-0.562278,0.00219365,288.632,1.0,0.0,0.0,6
12.875,23.5788,178.954,7.84412,4.05973,-0.534801,-0.0151324,288.806,1.0,0.0,0.0,6
12.2057,22.3528,153.28,9.19143,4.75696,-0.455537,-0.0172108,288.995,1.0,0.0,0.0,6
11.5779,21.2026,129.197,10.4555,5.41107,-0.380677,-0.0172201,289.166,1.0,0.0,0.0,6
10.9082,19.976,103.499,11.8038,6.10875,-0.300832,-0.0172298,289.327,1.0,0.0,0.0,6
10.2806,18.8273,79.408,13.067,6.76272,-0.225964,-0.0172093,289.473,1.0,0.0,0.0,6
11.4884,22.0711,83.8002,10.4874,5.91756,-0.261791,0.0657741,288.815,1.0,0.0,0.0,6
10.6887,18.2486,54.8609,12.862,6.16776,-0.313504,-0.0314643,289.001,1.0,0.0,-0.15000000596046448,6
10.0686,17.5549,59.4628,14.0503,6.93209,-0.206274,-0.00538102,287.669,1.0,0.0,-0.30000001192092896,6
9.48671,16.5561,60.4176,15.4822,7.55106,-0.14548,-0.0163236,286.602,1.0,0.0,0.0,6
8.42564,15.0405,62.3607,17.4887,8.70168,-0.00417259,-0.00789857,286.0,1.0,0.0,0.0,6
8.18223,15.9308,75.7239,16.2239,8.91193,0.0887618,0.0464689,284.547,1.0,0.0,-0.05000000074505806,6
9.6306,19.0091,79.7883,13.4822,7.62569,-0.0431186,0.0727056,283.497,1.0,0.0,0.0,6
10.6694,20.4256,75.2669,11.8859,6.64003,-0.175448,0.0625108,283.088,1.0,0.0,0.0,6
11.1883,20.9414,74.5445,11.0501,6.10538,-0.247672,0.0555886,282.368,1.0,0.0,0.0,6
11.456,20.9263,80.0743,10.6262,5.75838,-0.29933,0.044778,281.527,1.0,0.0,0.0,6
9.76466,16.5105,54.9668,15.5418,7.18236,-0.218345,-0.0486986,281.813,1.0,0.0,-0.25,6
9.14367,16.3353,64.4864,15.792,7.94112,-0.0867476,-0.00496918,280.883,1.0,0.0,-0.30000001192092896,6
9.99163,18.7645,80.4944,13.2911,7.17829,-0.134349,0.0344638,279.519,1.0,0.0,-0.20000000298023224,6
11.8308,22.4907,93.4909,9.91844,5.52488,-0.320912,0.0499642,278.931,1.0,0.0,0.0,6
11.3165,19.554,67.1931,11.2071,5.52767,-0.376637,-0.0228763,279.309,1.0,0.0,-0.05000000074505806,6
10.4298,18.2756,90.2849,13.1408,6.54186,-0.254911,-0.0137683,278.963,1.0,0.0,0.0,6
10.5955,22.0842,89.4892,11.7945,6.81193,-0.149575,0.0595213,277.105,1.0,0.0,0.0,6
11.8979,24.1379,191.57,9.81874,5.57012,-0.314948,0.044771,277.562,1.0,0.0,0.0,6
13.7367,27.6272,167.412,6.90843,3.92024,-0.517747,0.0449889,278.09,1.0,0.0,0.0,6
14.9341,27.4483,142.826,4.32549,2.37961,-0.712946,0.0295036,278.684,1.0,0.0,0.0,6
14.0732,24.2557,119.466,4.97351,2.50257,-0.717441,-0.0258486,279.182,1.0,0.0,0.0,6
12.3938,21.967,200.0,8.74386,4.34333,-0.514621,-0.0325122,279.515,1.0,0.0,0.0,6
10.5985,18.6774,159.477,12.7887,6.30125,-0.303777,-0.0449796,280.385,1.0,0.0,0.0,6
9.61183,18.0264,200.0,14.1209,7.49773,-0.125152,-0.00135446,280.89,1.0,0.0,0.0,6
9.73907,18.5183,188.081,13.7415,7.395,-0.128154,0.00739002,281.647,1.0,0.0,0.0,6
10.0174,19.0483,163.021,13.2329,7.12157,-0.160366,0.00741506,282.478,1.0,0.0,0.0,6
10.2903,19.5671,139.452,12.7348,6.85354,-0.191967,0.00741541,283.237,1.0,0.0,0.0,6
10.5982,20.1527,114.209,12.1726,6.55097,-0.22764,0.00741494,284.054,1.0,0.0,0.0,6
10.89,20.7074,88.9279,11.64,6.26434,-0.261435,0.00741434,284.884,1.0,0.0,0.0,6
11.055,20.7957,66.726,11.3815,6.06153,-0.291087,5.91755E-4,285.634,1.0,0.0,0.25,6
7.84007,12.7637,70.9723,22.4042,9.61972,-0.0326696,-0.112095,284.806,1.0,0.0,0.0,6
5.67677,14.3509,43.934,17.0085,10.8805,0.38211,0.0229312,285.664,1.0,0.0,0.20000000298023224,6
9.82973,21.4759,66.2841,12.7398,7.55913,-0.0342847,0.0809855,284.85,1.0,0.0,0.05000000074505806,6
11.0613,20.4893,161.527,11.4379,5.99511,-0.307306,-0.0094918,284.681,1.0,0.0,0.0,6
11.2158,20.8485,162.917,11.1037,5.8875,-0.311561,4.87685E-4,285.62,1.0,0.0,0.0,6
10.7841,19.5375,139.032,12.1031,6.22588,-0.286732,-0.0145923,286.388,1.0,0.0,0.0,6
9.8359,17.7721,159.526,14.1107,7.21176,-0.176647,-0.017031,287.103,1.0,0.0,0.0,6
10.0373,18.7477,200.0,13.3549,7.06647,-0.173517,0.00284982,287.445,1.0,0.0,0.0,6
9.87283,18.4328,200.0,13.6734,7.2268,-0.159713,-0.00427711,288.008,1.0,0.0,0.0,6
9.71241,18.1333,200.0,13.98,7.38886,-0.14087,-0.00427723,288.576,1.0,0.0,0.0,6
9.53136,17.7953,200.0,14.3261,7.57177,-0.119603,-0.00427747,289.038,1.0,0.0,0.0,6
9.36223,17.4795,200.0,14.6494,7.74264,-0.0997357,-0.00427759,289.424,1.0,0.0,0.0,6
9.18553,17.1269,185.611,15.0054,7.9199,-0.0800839,-0.00514364,279.787,0.0,0.5,0.0,5
8.99277,16.7331,162.712,15.4058,8.11375,-0.0591025,-0.00649548,255.43,0.0,0.5,0.0,5
8.75806,16.2532,141.73,15.9018,8.35148,-0.0335894,-0.00825131,231.631,0.0,0.5,0.0,4
8.45578,15.6021,120.935,16.5951,8.6614,-0.00241141,-0.0121019,205.755,0.0,0.5,0.0,4
8.13319,14.9663,104.184,17.2876,8.99576,0.0337798,-0.0139331,183.057,0.0,0.5,0.0,3
7.90039,14.658,91.4065,17.5723,9.22647,0.0674595,-0.00840735,161.713,0.0,0.0,0.0,3
7.78036,14.5303,79.0437,17.6671,9.34035,0.0862811,-0.00408995,158.381,0.0,0.0,0.0,3
8.4587,17.5273,75.6615,15.0625,8.66704,0.0786109,0.0557501,154.704,0.0,0.0,0.0,3
10.1935,22.1809,65.2905,12.2472,7.25138,-0.0753097,0.0791655,156.184,0.8,0.0,0.0,3
11.9035,23.0131,51.8932,9.85336,5.81548,-0.260454,0.0764641,155.774,0.0,0.0,0.0,3
13.1206,21.8545,43.9012,7.44524,4.20424,-0.458221,0.110279,152.684,0.0,0.0,0.0,3
13.9323,22.6446,43.9413,5.75911,3.25494,-0.584782,0.0958076,148.626,0.0,0.0,0.0,3
14.193,22.7715,43.5319,5.09414,2.85845,-0.638913,0.0844566,143.701,0.0,0.0,0.0,3
13.859,21.7287,40.9493,5.24642,2.79236,-0.66021,0.0497258,139.921,0.0,0.0,-0.5500000715255737,3
14.8728,24.012,45.292,4.16487,2.42273,-0.687207,0.103547,134.64,0.0,0.0,-0.10000000149011612,3
15.0788,23.8851,44.3564,3.48259,2.00112,-0.745273,0.0875463,130.614,0.0,0.0,0.0,3
13.4285,19.7095,35.0529,4.83876,2.17322,-0.762484,-0.0406899,132.526,0.6000000000000001,0.0,-0.20000000298023224,3
12.1613,17.8678,32.6144,9.89143,3.64258,-0.621364,-0.0679965,131.646,0.0,0.0,-0.10000000149011612,3
10.325,15.2885,29.0321,84.2981,6.19688,-0.388898,-0.0903199,128.67,0.0,0.0,-0.15000000596046448,3
9.32258,14.8632,32.9772,24.666,7.68418,-0.15411,-0.0100536,124.099,0.0,0.0,0.0,3
9.42962,16.9808,103.43,14.884,7.72723,-0.0326122,0.0950458,119.831,0.0,0.0,-0.5000000596046448,3
10.5094,23.5871,54.2247,11.7392,7.05951,-0.0680611,0.137973,119.551,1.0,0.0,0.0,3
11.8713,26.9273,44.2169,9.93458,6.00383,-0.220562,0.0971043,126.508,1.0,0.0,0.0,3
11.9281,22.8138,200.0,9.74564,5.27328,-0.375654,0.011018,132.986,1.0,0.0,0.0,3
11.9835,22.5226,200.0,9.64016,5.12963,-0.40048,2.55108E-5,139.947,1.0,0.0,0.0,3
11.9972,22.5596,200.0,9.61464,5.11862,-0.401535,3.49283E-4,146.918,1.0,0.0,0.0,3
12.0049,22.574,200.0,9.60026,5.11097,-0.40243,3.49522E-4,154.341,1.0,0.0,0.0,3
12.0122,22.5878,194.304,9.58655,5.10368,-0.403281,3.50475E-4,160.956,1.0,0.0,0.0,3
12.0207,22.6062,180.679,9.57068,5.09578,-0.404156,4.19617E-4,164.988,1.0,0.0,0.0,4
12.0303,22.6252,166.827,9.55264,5.08638,-0.405237,4.46081E-4,168.581,1.0,0.0,0.0,4
12.0409,22.6452,151.612,9.53274,5.07579,-0.406475,4.46081E-4,173.721,1.0,0.0,0.0,4
12.052,22.6661,135.941,9.51184,5.06465,-0.407777,4.46081E-4,178.822,1.0,0.0,0.0,4
12.0625,22.6858,120.84,9.49221,5.05421,-0.408997,4.47035E-4,183.571,1.0,0.0,0.0,4
12.069,22.6889,105.335,9.47976,5.04555,-0.410192,1.87874E-4,185.967,0.0,0.0,0.0,4
12.0158,22.4876,89.6261,9.57801,5.07474,-0.408835,-0.00271654,175.433,0.0,0.5,0.0,4
11.9217,22.2358,75.6332,9.75732,5.15169,-0.401467,-0.0049324,153.417,0.0,0.5,0.0,3
11.7254,21.6728,62.3975,10.1449,5.30501,-0.388111,-0.0109267,129.363,0.0,0.5,0.0,3
11.4885,21.0844,51.9477,10.6291,5.51446,-0.367694,-0.0157437,115.361,0.0,0.0,-0.15000000596046448,3
12.6014,23.1511,47.1627,8.69423,4.91941,-0.39627,0.042809,115.794,1.0,0.0,0.0,3
12.6704,20.3077,37.2521,8.06531,4.2439,-0.477207,0.0533197,117.576,0.0,0.0,-0.30000001192092896,3
13.3724,20.8085,33.0067,6.35332,3.3581,-0.588303,0.0608915,115.242,0.0,0.0,-0.4500000476837158,3
14.1162,20.0375,28.2455,4.42583,2.48642,-0.686149,0.0830458,112.627,0.0,0.0,-0.15000000596046448,3
13.2137,17.0998,24.7235,4.30622,2.07652,-0.748851,0.0581868,109.231,0.0,0.0,-0.35000014305114746,3
11.2323,16.0643,35.7619,20.3322,4.26882,-0.600277,-0.0261638,102.58,0.0,0.0,-0.4500000476837158,3
10.5952,21.3879,107.827,11.9003,6.72704,-0.17508,0.0420898,95.3834,1.0,0.0,0.0,3
11.5943,31.434,31.97,10.3744,6.67212,-0.0834491,0.158341,96.5184,0.0,0.0,0.0,3
11.0583,21.9837,124.124,11.1954,6.25726,-0.239768,0.0336927,94.9686,0.6000000000000001,0.0,0.0,3
11.2177,21.6925,200.0,10.9946,6.00789,-0.283156,0.0176986,100.21,1.0,0.0,0.0,3
11.4637,22.1715,200.0,10.5627,5.77259,-0.311164,0.0177839,106.722,1.0,0.0,0.0,3
11.7405,22.7069,200.0,10.0772,5.50726,-0.342826,0.0177839,113.824,1.0,0.0,0.0,3
12.0355,23.2774,192.82,9.55989,5.22454,-0.376562,0.0177839,121.043,1.0,0.0,0.0,3
12.3286,23.8442,182.457,9.04587,4.94362,-0.410084,0.0177835,127.868,1.0,0.0,0.0,3
12.6378,24.4422,171.518,8.50354,4.64723,-0.445452,0.0177835,134.743,1.0,0.0,0.0,3
12.9632,25.0715,160.02,7.93287,4.33535,-0.482669,0.017782,141.673,1.0,0.0,0.0,3
13.3282,25.7772,147.16,7.29256,3.98538,-0.524435,0.0177749,149.062,1.0,0.0,0.0,3
13.7119,26.5189,133.621,6.61965,3.6176,-0.568323,0.0177692,156.329,1.0,0.0,0.0,3
14.0874,27.2451,120.332,5.961,3.25765,-0.611275,0.0177682,162.707,1.0,0.0,0.0,3
14.5041,28.0513,105.548,5.23018,2.85828,-0.658929,0.0177739,168.732,1.0,0.0,0.0,4
14.9013,28.8184,91.5903,4.53302,2.4772,-0.70441,0.017751,170.647,1.0,0.0,0.0,4
15.3359,29.6589,76.1886,3.77075,2.06064,-0.754116,0.017751,175.65,1.0,0.0,0.0,4
14.4257,25.4562,200.0,4.16348,2.05536,-0.772601,-0.0439584,180.007,1.0,0.0,0.0,4
13.9863,25.4977,199.068,5.55601,2.86038,-0.673879,-0.0203444,184.592,1.0,0.0,0.0,4
13.5317,24.798,179.235,6.52792,3.38112,-0.612786,-0.0167405,189.533,1.0,0.0,0.0,4
13.0929,23.9907,162.242,7.40888,3.83684,-0.560643,-0.0168301,194.469,1.0,0.0,0.0,4
12.6725,23.2205,145.839,8.25395,4.2745,-0.510525,-0.0168263,199.055,1.0,0.0,0.0,4
12.2423,22.4324,129.062,9.11849,4.72225,-0.459251,-0.0168235,203.47,1.0,0.0,0.0,4
11.7732,21.573,110.77,10.0614,5.2106,-0.403326,-0.0168182,207.971,1.0,0.0,0.0,4
11.3244,20.7509,93.2654,10.9634,5.67779,-0.349822,-0.0168115,212.004,1.0,0.0,0.0,4
10.8675,19.9138,75.4319,11.8818,6.15349,-0.29534,-0.0168025,215.855,1.0,0.0,0.0,4
10.3719,19.4904,56.0899,12.8425,6.66929,-0.236277,-0.0168063,218.151,1.0,0.0,0.0,5
9.13374,16.7888,73.9431,15.3886,7.93741,-0.133947,-0.0700008,219.533,1.0,0.0,0.0,5
10.1241,23.4311,47.6879,12.3229,7.26039,-0.103652,0.0355271,223.006,1.0,0.0,0.0,5
12.1706,24.077,112.136,9.35238,5.20739,-0.369264,0.0309408,225.541,1.0,0.0,0.0,5
12.6539,24.0148,200.0,8.41325,4.51943,-0.467923,0.00619537,228.619,1.0,0.0,0.0,5
12.8891,24.494,200.0,7.98772,4.29631,-0.493691,0.00703556,232.045,1.0,0.0,0.0,5
13.1176,24.9275,200.0,7.56985,4.07144,-0.520201,0.00701744,235.551,1.0,0.0,0.0,5
13.3494,25.3676,200.0,7.14601,3.84345,-0.547072,0.00701172,238.935,1.0,0.0,0.0,5
13.5845,25.8143,200.0,6.71595,3.61211,-0.574337,0.00700599,241.995,1.0,0.0,0.0,5
13.8073,26.2374,200.0,6.30854,3.39297,-0.600163,0.00700123,244.627,1.0,0.0,0.0,5
12.0157,19.8506,87.32,9.71459,4.26772,-0.562136,-0.0985534,246.297,1.0,0.0,0.0,5
10.4638,18.8118,200.0,12.8715,6.51472,-0.266381,-0.030214,248.456,1.0,0.0,0.0,5
9.26314,16.5478,177.984,15.5368,7.79943,-0.126858,-0.0348288,250.512,1.0,0.0,0.0,5
8.16853,14.7249,191.862,17.6795,8.97859,0.0135489,-0.0282819,252.46,1.0,0.0,-0.25,5
9.34243,18.8451,127.116,13.9103,7.85915,-0.0366695,0.041693,253.565,1.0,0.0,0.0,5
10.802,21.7207,109.895,11.5814,6.52839,-0.201286,0.0399845,255.265,1.0,0.0,0.0,5
10.3714,18.3409,165.274,13.2581,6.56471,-0.272176,-0.0423481,256.176,1.0,0.0,0.0,5
10.5306,20.5671,187.671,12.1489,6.69491,-0.195804,0.0235704,257.241,1.0,0.0,0.0,5
10.9964,21.248,200.0,11.3855,6.21722,-0.258581,0.0172284,258.586,1.0,0.0,0.0,5
11.5905,22.3978,200.0,10.3413,5.64745,-0.326487,0.0172809,259.877,1.0,0.0,0.0,5
12.2262,23.6266,191.129,9.22424,5.03747,-0.399226,0.017289,261.241,1.0,0.0,0.0,5
12.8665,24.8642,167.767,8.0991,4.42306,-0.472499,0.0172942,262.611,1.0,0.0,0.0,5
13.5097,26.1075,144.291,6.96904,3.80596,-0.54609,0.0173028,263.869,1.0,0.0,0.0,5
14.1128,27.2737,122.263,5.90951,3.22739,-0.615086,0.0173162,262.702,1.0,0.0,0.0,6
14.7162,28.4402,100.288,4.84941,2.64846,-0.684129,0.0173238,263.405,0.0,0.2,0.0,6
15.378,29.7915,71.2635,3.72126,2.03663,-0.756694,0.0187791,242.2,0.0,0.5,0.0,5
13.6243,22.5398,100.174,5.0982,2.24664,-0.769069,-0.0972831,216.107,0.0,0.5,0.0,5
11.174,17.8307,62.8605,12.7733,5.13619,-0.498722,-0.13151,205.383,0.0,0.0,-0.30000001192092896,5
11.0482,20.9771,134.703,11.3568,6.10335,-0.281201,0.00648481,201.306,0.0,0.2,0.0,5
10.9391,20.6374,120.66,11.5853,6.1878,-0.274723,0.00244552,182.622,0.0,0.5,0.0,5
11.0186,20.8508,105.725,11.4247,6.12009,-0.28102,0.00437433,160.213,0.0,0.5,0.0,5
11.1309,21.1179,92.0354,11.2079,6.01888,-0.291552,0.00600082,136.882,0.0,0.5,0.0,4
11.2468,21.3736,80.6118,10.9903,5.91145,-0.303335,0.00705463,113.864,0.0,0.5,0.0,4
11.366,21.6333,71.0315,10.7687,5.80063,-0.315629,0.00800926,101.867,0.0,0.0,0.0,3
11.4652,21.8035,62.038,10.5897,5.69961,-0.327966,0.00747806,105.253,1.0,0.0,0.0,3
11.5719,22.0025,52.4142,10.3953,5.59409,-0.34049,0.00737173,111.952,1.0,0.0,0.0,3
11.6824,22.4735,42.2132,10.1932,5.48648,-0.353076,0.00750477,115.603,0.0,0.0,0.15000000596046448,3
10.1571,18.1589,43.3137,13.9377,6.6814,-0.295038,-0.0790211,113.531,0.0,0.0,0.0,3
8.92781,16.6865,38.91,15.6334,8.16079,-0.150586,-0.12025,111.597,0.0,0.0,0.5000000596046448,3
5.99371,9.19798,45.9482,24.0006,12.5474,0.131882,-0.244948,108.264,0.0,0.0,0.25,3
3.42242,5.33336,42.7012,24.2424,14.984,0.515754,-0.210162,106.032,0.0,0.0,0.0,3
2.1315,4.09996,33.4521,19.9085,13.8376,0.741656,-0.0483233,104.418,0.0,0.0,0.0,3
3.93177,77.8045,25.4461,15.5106,11.4019,0.654182,0.153186,106.005,0.0,0.0,0.3500000238418579,3
6.14915,31.4412,31.8617,15.0503,10.3244,0.406613,0.096453,103.069,0.0,0.0,0.15000000596046448,3
8.35861,23.1812,68.3221,13.3551,8.92373,0.207866,0.104889,101.117,1.0,0.0,0.0,3
11.7571,24.4473,59.0526,10.1438,6.5422,-0.0658805,0.211994,107.446,1.0,0.0,0.0,3
12.9773,23.1242,49.8462,8.07607,4.77584,-0.367448,0.135267,113.799,1.0,0.0,0.0,3
13.1657,21.5388,42.8507,7.10866,3.82951,-0.527867,0.0631747,118.346,0.0,0.0,0.0,3
12.6391,19.4586,36.5295,7.86191,3.66242,-0.584839,-0.00720089,116.302,0.0,0.0,-0.15000000596046448,3
13.0378,20.5229,38.2237,7.07813,3.64129,-0.561722,0.0436628,113.17,0.0,0.0,-5.9604644775390625E-8,3
13.65,21.3973,38.4671,5.84166,3.1525,-0.610021,0.0669587,110.133,0.0,0.0,-0.25,3
13.3914,20.0599,35.5144,5.67004,2.79683,-0.673126,0.0173534,107.975,0.8,0.0,0.0,3
11.1166,15.4319,26.2536,38.6019,4.65516,-0.573871,-0.134944,113.548,1.0,0.0,-0.05000000074505806,3
8.06026,10.7965,70.802,31.7694,12.3628,-0.2169,-0.240292,115.686,1.0,0.0,0.0,3
3.66398,5.10322,58.1399,28.7175,16.3922,0.418077,-0.394115,122.527,1.0,0.0,0.0,3
1.54007,2.8143,41.7228,22.3498,14.7589,0.810167,-0.0591323,125.548,0.0,0.0,0.0,3
1.8722,3.77602,42.4778,21.4347,14.0852,0.785213,0.00403196,122.802,0.0,0.0,0.0,3
3.03147,6.99728,41.1883,19.5637,12.8518,0.674372,0.0517648,120.282,0.0,0.0,0.0,3
4.03418,8.68039,50.5603,19.9082,12.3759,0.551225,0.0257028,117.501,0.0,0.0,0.0,3
5.44171,13.8216,44.3152,17.2241,10.9897,0.442064,0.0843366,117.607,1.0,0.0,0.0,3
7.19997,17.1679,55.3434,15.78,9.70515,0.240789,0.0647872,123.937,1.0,0.0,0.0,3
8.72996,19.4604,67.0307,14.1461,8.47913,0.0875827,0.0744417,130.841,1.0,0.0,0.0,3
10.0935,21.0331,84.9802,12.5509,7.24778,-0.0952938,0.0585869,137.773,1.0,0.0,0.0,3
11.1172,22.8613,83.0477,11.031,6.31585,-0.217255,0.0518621,144.393,1.0,0.0,0.0,3
12.1827,25.0594,70.5026,9.38729,5.37573,-0.333664,0.0520051,151.031,1.0,0.0,0.0,3
12.4089,23.7006,200.0,8.87702,4.79718,-0.432587,0.0101669,157.815,1.0,0.0,0.0,3
12.7335,24.3868,200.0,8.30062,4.49689,-0.467068,0.0118392,164.283,1.0,0.0,0.0,3
12.0497,21.2573,184.44,9.5091,4.69236,-0.481,-0.0441778,169.614,1.0,0.0,0.0,3
10.5909,18.1291,108.157,13.1822,6.20606,-0.335051,-0.0679421,175.284,1.0,0.0,0.0,3
9.08398,15.5802,94.8545,16.8919,7.97924,-0.14318,-0.0663342,177.941,1.0,0.0,-0.20000000298023224,3
9.04843,16.9941,200.0,15.1656,8.06403,-0.058038,-4.31712E-4,178.442,1.0,0.0,0.0,4
8.95979,16.7808,200.0,15.3725,8.15106,-0.0499176,-0.00223177,181.364,1.0,0.0,0.0,4
8.90877,16.6851,200.0,15.4694,8.20235,-0.0439475,-0.00223845,186.032,1.0,0.0,0.0,4
8.84864,16.5724,200.0,15.5834,8.26281,-0.0369005,-0.00223845,190.981,1.0,0.0,0.0,4
8.78958,16.4618,200.0,15.6954,8.32218,-0.0299811,-0.0022394,195.583,1.0,0.0,0.0,4
8.73689,16.3632,200.0,15.7953,8.37515,-0.023806,-0.00223845,200.061,1.0,0.0,0.0,4
8.67526,16.2477,200.0,15.9121,8.43711,-0.0165839,-0.00223845,204.579,1.0,0.0,0.0,4
8.61265,16.1304,200.0,16.0309,8.50006,-0.00924787,-0.0022394,208.57,1.0,0.0,0.0,4
8.54823,16.0098,200.0,16.153,8.56482,-0.00169806,-0.00223845,212.347,1.0,0.0,0.0,4
8.48701,15.8938,200.0,16.2705,8.62637,0.00540837,-0.00229519,214.535,1.0,0.0,0.0,5
8.42933,15.7864,200.0,16.3793,8.68437,0.0121969,-0.0022704,216.444,1.0,0.0,0.0,5
8.36401,15.664,200.0,16.5032,8.75005,0.0198516,-0.00227087,219.566,1.0,0.0,0.0,5
8.29935,15.5429,200.0,16.6258,8.81506,0.0274303,-0.00226992,222.446,1.0,0.0,0.0,5
8.22673,15.4069,200.0,16.7635,8.88807,0.0359403,-0.00226992,225.453,1.0,0.0,0.0,5
8.15548,15.2735,200.0,16.8986,8.95971,0.0442885,-0.00227087,228.202,1.0,0.0,0.0,5
8.08323,15.1382,200.0,17.0356,9.03235,0.052755,-0.00227087,231.043,1.0,0.0,0.0,5
8.01995,15.0197,200.0,17.1556,9.09597,0.0601714,-0.00226992,233.612,1.0,0.0,0.0,5
7.94946,14.8877,200.0,17.2893,9.16685,0.0684326,-0.00226992,236.275,1.0,0.0,0.0,5
7.87578,14.7497,200.0,17.429,9.24093,0.0770669,-0.00226992,238.903,1.0,0.0,0.0,5
7.80385,14.6149,200.0,17.5654,9.31325,0.0854949,-0.00227087,241.329,1.0,0.0,0.0,5
7.72415,14.4657,200.0,17.7165,9.39338,0.0948342,-0.00227087,243.83,1.0,0.0,0.0,5
7.6468,14.3209,200.0,17.8632,9.47114,0.103899,-0.00226992,246.072,1.0,0.0,0.0,5
7.57205,14.1808,200.0,18.0049,9.5463,0.11266,-0.00226992,248.359,1.0,0.0,0.0,5
7.50386,14.0531,200.0,18.1343,9.61486,0.120649,-0.00227087,250.408,1.0,0.0,0.0,5
7.42867,13.9123,200.0,18.2769,9.69046,0.129461,-0.00227087,252.497,1.0,0.0,0.0,5
7.351,13.7669,200.0,18.4241,9.76856,0.138563,-0.00227087,254.49,1.0,0.0,0.0,5
7.27101,13.617,200.0,18.5758,9.84898,0.147937,-0.00227087,256.391,1.0,0.0,0.0,5
7.18878,13.4631,200.0,18.7318,9.93165,0.157573,-0.00227087,258.204,1.0,0.0,0.0,5
7.10975,13.3151,200.0,18.8816,10.0111,0.166835,-0.00226992,259.828,1.0,0.0,0.0,5
7.02336,13.153,200.0,19.046,10.098,0.176943,-0.00228566,261.286,1.0,0.0,0.0,6
6.93741,12.9919,200.0,19.2092,10.1845,0.18701,-0.00229138,260.545,1.0,0.0,0.0,6
6.85053,12.8292,200.0,19.374,10.2718,0.197191,-0.00229233,261.796,1.0,0.0,0.0,6
6.76771,12.674,200.0,19.5311,10.3551,0.206896,-0.00229328,262.947,1.0,0.0,0.0,6
6.68364,12.5166,198.1,19.6905,10.4396,0.216748,-0.00229233,264.077,0.6000000000000001,0.0,0.0,6
6.60818,12.3938,174.065,19.795,10.511,0.22648,-0.00132531,250.3,0.0,0.5,0.0,5
6.58684,12.3951,153.986,19.7502,10.5223,0.230947,8.21416E-4,224.898,0.0,0.5,0.0,5
6.63837,12.5441,137.335,19.5511,10.4589,0.227386,0.00347263,201.502,0.0,0.5,0.0,4
6.74101,12.7698,121.016,19.302,10.3505,0.21692,0.00504333,181.25,0.0,0.0,0.0,4
6.89427,13.1148,106.852,18.9257,10.1891,0.201646,0.00766355,178.503,0.0,0.0,0.0,4
7.10661,13.5857,93.282,18.4351,9.97072,0.180111,0.0107263,162.534,0.0,0.5,0.0,3
7.35968,14.124,80.1698,17.9046,9.71795,0.153369,0.0130962,149.334,0.0,0.0,0.0,3
7.6878,14.8487,67.7717,17.2078,9.39312,0.11983,0.0169771,146.394,0.0,0.0,0.0,3
8.47121,17.4594,61.2087,15.0928,8.65426,0.0738805,0.0530165,143.561,0.0,0.0,0.0,3
10.7299,22.0163,54.6961,11.4272,6.91288,-0.101743,0.098018,140.666,0.0,0.0,0.0,3
11.9007,20.3103,43.6643,9.8038,5.34426,-0.322719,0.0966876,137.948,0.0,0.0,-0.30000001192092896,3
13.8416,23.4456,47.7231,6.39412,3.73925,-0.510347,0.122377,134.458,0.0,0.0,0.0,3
14.0681,22.6075,43.8396,5.23257,2.88586,-0.640825,0.0694411,131.694,0.0,0.0,0.0,3
13.7419,21.4445,40.5923,5.32127,2.75827,-0.671125,0.0308183,128.753,0.0,0.0,0.0,3
11.6774,17.006,30.7092,14.4371,4.16468,-0.584556,-0.0941083,131.368,0.20000000000000007,0.0,-0.30000001192092896,3
11.9804,19.3493,38.8155,9.71143,4.87075,-0.41219,0.0522535,126.362,0.0,0.0,0.0,3
13.7143,24.9376,52.0874,7.41579,4.69948,-0.338158,0.208229,118.09,0.0,0.0,0.0,3
15.4405,28.7477,58.2214,5.98504,4.03104,-0.406007,0.263203,115.616,1.0,0.0,0.0,3
14.9652,25.0657,48.756,4.80052,2.92309,-0.606888,0.148277,118.136,0.0,0.0,0.0,3
13.7771,20.8329,37.9769,4.61986,2.27684,-0.738217,-0.00102919,116.249,0.8,0.0,0.0,3
12.4602,18.4121,33.3798,8.37201,3.36346,-0.642573,-0.0546748,118.714,0.0,0.0,0.0,3
10.9122,15.8134,29.4284,95.1408,5.22923,-0.494347,-0.106426,119.591,1.0,0.0,-0.05000000074505806,3
8.55131,12.1607,24.811,95.933,9.43431,-0.218566,-0.167343,125.695,1.0,0.0,-0.30000001192092896,3
5.79355,8.65815,22.4861,100.625,13.5982,0.173853,-0.203417,129.225,0.0,0.0,-0.15000000596046448,3
4.12746,7.22054,31.7577,31.6018,13.5801,0.489161,-0.0506036,126.951,0.6000000000000001,0.0,-0.25,3
5.36541,12.9955,69.5401,18.0408,10.9896,0.495825,0.166536,123.904,0.0,0.0,0.0,3
9.55391,25.1858,87.9643,12.3633,8.26187,0.204251,0.245665,125.921,1.0,0.0,0.0,3
12.7693,26.8227,75.8822,8.90957,5.65409,-0.216295,0.179939,133.053,1.0,0.0,0.0,3
14.1887,25.9632,64.5469,6.26633,3.71685,-0.515952,0.109032,139.689,1.0,0.0,0.0,3
14.4185,24.5582,55.4704,4.84416,2.66615,-0.673692,0.0478562,146.607,1.0,0.0,0.0,3
14.1235,23.0083,48.2148,4.73325,2.44154,-0.715887,0.00277168,153.092,1.0,0.0,-0.3500000238418579,3
13.8732,21.9773,45.56,4.95378,2.49044,-0.713852,-0.00613325,158.001,1.0,0.0,-0.30000001192092896,4
14.4591,23.2468,74.1321,4.36998,2.39286,-0.707045,0.0498155,158.907,1.0,0.0,0.0,4
12.5651,20.7332,81.4507,8.1258,3.56018,-0.628761,-0.0679008,163.451,1.0,0.0,0.0,4
10.5422,17.3555,66.6197,14.0451,6.122,-0.374812,-0.10173,167.87,1.0,0.0,0.0,4
9.24625,16.3243,70.1617,15.806,7.80823,-0.135703,-0.0435874,171.925,1.0,0.0,0.0,4
8.19503,14.5202,55.1048,18.0674,8.97005,-0.0036257,-0.040899,176.512,1.0,0.0,0.0,4
8.66967,16.8529,64.3113,15.3151,8.47197,0.0554721,0.0586298,180.094,1.0,0.0,0.0,4
9.2768,17.2723,62.7333,14.7388,7.87143,-0.0395563,0.0524867,184.406,1.0,0.0,0.0,4
9.19736,16.2978,57.3591,15.8484,7.88828,-0.0810658,0.0122073,188.502,1.0,0.0,0.0,4
8.42569,14.6436,55.8155,18.3095,8.71983,-0.0176725,-0.0137793,192.724,1.0,0.0,0.0,4
7.2203,12.4115,47.2707,22.1495,10.1344,0.106623,-0.0437867,196.865,1.0,0.0,0.0,4
6.39454,11.1064,46.2816,24.0462,11.0461,0.21511,-0.0368592,200.919,1.0,0.0,0.0,4
4.6722,7.73799,28.988,33.2668,13.6256,0.399569,-0.0823914,204.819,1.0,0.0,-0.15000000596046448,4
3.15455,5.62582,58.6087,28.8605,14.4555,0.615721,-0.0360696,207.909,1.0,0.0,0.0,4
1.8661,3.30248,30.1136,32.2086,15.9644,0.771239,-0.0417935,212.006,1.0,0.0,-0.15000000596046448,4
1.79004,3.52985,200.0,26.7849,14.876,0.798144,0.0291155,212.338,1.0,0.0,0.0,5
2.56539,5.03396,200.0,25.6496,14.1892,0.709678,0.0262902,215.307,1.0,0.0,0.0,5
3.37502,6.62282,200.0,24.2742,13.4286,0.61806,0.0263041,218.235,1.0,0.0,0.0,5
4.20484,8.25117,200.0,22.8654,12.6493,0.524152,0.0263041,221.122,1.0,0.0,0.0,5
4.99417,9.80007,200.0,21.5254,11.9079,0.434825,0.0263031,223.794,1.0,0.0,0.0,5
5.83065,11.4415,200.0,20.1052,11.1223,0.340163,0.0263031,226.605,1.0,0.0,0.0,5
6.68663,13.1212,200.0,18.652,10.3184,0.243295,0.0263031,229.376,1.0,0.0,0.0,5
7.56143,14.8378,200.0,17.1668,9.49677,0.144296,0.0263031,232.108,1.0,0.0,0.0,5
8.4356,16.5532,200.0,15.6827,8.67576,0.0453695,0.0263031,234.799,1.0,0.0,0.0,5
9.31626,18.2813,200.0,14.1876,7.84864,-0.0542928,0.0263031,237.45,1.0,0.0,0.0,5
10.2152,20.0452,200.0,12.6615,7.00439,-0.156019,0.0263031,240.061,1.0,0.0,0.0,5
11.0742,21.7309,200.0,11.2031,6.19763,-0.253228,0.0263041,242.46,1.0,0.0,0.0,5
11.9834,23.4905,200.0,9.65944,5.34366,-0.356125,0.0263041,244.911,1.0,0.0,0.0,5
12.8314,24.8305,200.0,8.1876,4.50424,-0.458807,0.0242747,247.252,1.0,0.0,0.0,5
13.3679,25.3424,200.0,7.16235,3.89308,-0.536532,0.016434,249.346,1.0,0.0,0.0,5
13.419,24.4515,200.0,6.84072,3.62182,-0.576283,0.00232727,251.351,1.0,0.0,0.0,5
12.8002,23.275,200.0,7.96268,4.08687,-0.53509,-0.02215,253.272,1.0,0.0,0.0,5
12.0271,21.8618,200.0,9.55075,4.89997,-0.44276,-0.0223882,253.389,0.0,0.0,0.0,5
11.2755,20.4504,200.0,11.106,5.68281,-0.35498,-0.0239356,250.88,1.0,0.0,0.0,5
10.479,19.009,200.0,12.7524,6.5266,-0.2591,-0.0238191,252.955,1.0,0.0,0.0,5
9.71408,17.6214,200.0,14.3344,7.33622,-0.167192,-0.0238196,254.806,1.0,0.0,0.0,5
8.88655,16.1203,200.0,16.0459,8.21212,-0.0677601,-0.02382,256.675,1.0,0.0,0.0,5
8.059,14.6191,200.0,17.7574,9.08804,0.0316717,-0.0238213,258.435,1.0,0.0,0.0,5
7.63325,14.511,200.0,17.5903,9.46434,0.115634,0.00725346,259.851,1.0,0.0,0.0,5
7.80103,14.8497,200.0,17.2597,9.29807,0.0971014,0.00808228,261.313,1.0,0.0,0.0,5
8.10767,15.4329,200.0,16.7019,8.9973,0.06159,0.00806388,262.797,1.0,0.0,0.0,5
8.39563,15.9819,200.0,16.1767,8.71482,0.0282981,0.00809587,263.626,1.0,0.0,0.0,6
8.70236,16.5656,200.0,15.6184,8.41394,-0.00721325,0.00808759,262.983,1.0,0.0,0.0,6
8.99003,17.1132,200.0,15.0946,8.13177,-0.0405051,0.00808982,263.992,1.0,0.0,0.0,6
9.29687,17.6973,200.0,14.5358,7.83079,-0.0760165,0.00809151,265.048,1.0,0.0,0.0,6
9.58454,18.245,200.0,14.012,7.54862,-0.109308,0.00809386,266.022,1.0,0.0,0.0,6
9.8722,18.7926,200.0,13.4882,7.26647,-0.1426,0.00809459,266.985,1.0,0.0,0.0,6
10.0936,18.9281,200.0,13.1917,7.02645,-0.174827,0.00555656,267.941,1.0,0.0,0.0,6
9.9347,18.3039,200.0,13.6765,7.14538,-0.17294,-0.0065943,268.938,1.0,0.0,0.0,6
9.37772,17.0029,200.0,15.0287,7.69572,-0.122093,-0.0183485,269.971,1.0,0.0,0.0,6
8.37238,14.9451,200.0,17.5073,8.76616,-0.0153143,-0.0304798,271.076,1.0,0.0,0.0,6
6.9673,12.3135,200.0,20.8108,10.3361,0.144398,-0.042214,272.149,1.0,0.0,0.0,6
5.5377,9.89691,200.0,23.4357,11.8444,0.325417,-0.0368782,273.174,1.0,0.0,0.0,6
4.46517,8.07071,200.0,25.1636,12.915,0.461071,-0.0284308,274.118,1.0,0.0,0.0,6
3.66287,6.69716,200.0,26.2304,13.6611,0.5621,-0.0199487,275.043,1.0,0.0,0.0,6
3.11647,5.7724,200.0,26.9346,14.1209,0.631259,-0.0108676,276.012,1.0,0.0,0.0,6
2.77879,5.14832,200.0,26.6178,14.4338,0.671635,-0.00935405,276.901,1.0,0.0,0.0,6
2.96468,5.85506,182.179,24.0285,13.7175,0.663807,0.0224249,277.774,1.0,0.0,0.0,6
4.81305,9.89509,157.56,20.7636,11.8864,0.472914,0.0517335,278.691,1.0,0.0,0.0,6
6.06079,11.2572,200.0,21.1137,11.0988,0.285206,-0.00768486,279.239,1.0,0.0,0.0,6
6.20017,11.6615,200.0,20.4883,10.91,0.275812,4.96175E-4,280.215,1.0,0.0,0.0,6
6.22011,11.698,200.0,20.4533,10.8904,0.273433,4.3891E-4,281.078,1.0,0.0,0.0,6
6.24533,11.7454,200.0,20.406,10.8652,0.270489,4.39748E-4,281.938,1.0,0.0,0.0,6
6.26299,11.7786,200.0,20.3729,10.8476,0.268425,4.39327E-4,282.772,1.0,0.0,0.0,6
6.24714,11.6745,200.0,20.641,10.8843,0.268288,-0.00110101,283.589,1.0,0.0,0.0,6
5.97394,11.0257,200.0,21.5622,11.2127,0.293324,-0.00951086,284.352,1.0,0.0,0.0,6
5.39828,9.88889,185.43,22.8852,11.8479,0.356399,-0.0170139,285.083,1.0,0.0,0.0,6
4.74275,8.68804,160.104,24.2038,12.5306,0.434554,-0.0170139,285.783,1.0,0.0,0.0,6
4.62844,9.32346,200.0,21.4951,12.1324,0.485919,0.0409524,286.048,1.0,0.0,0.0,6
5.80537,11.5672,200.0,19.8213,11.0975,0.350195,0.0349541,286.696,1.0,0.0,0.0,6
7.27129,14.4896,200.0,17.4108,9.74874,0.186179,0.0350177,287.328,1.0,0.0,0.0,6
8.73911,17.4146,200.0,14.9994,8.39857,0.0218997,0.0350196,287.851,1.0,0.0,0.0,6
10.1774,19.9694,200.0,12.7008,7.05846,-0.142553,0.0350302,288.201,1.0,0.0,0.0,6
11.0144,20.9935,200.0,11.3839,6.1823,-0.262651,0.0189564,288.444,1.0,0.0,0.0,6
11.2078,21.0685,185.032,11.0973,5.90606,-0.309615,4.48762E-4,288.639,1.0,0.0,0.0,6
11.223,21.0971,160.997,11.0687,5.89087,-0.311413,1.4428E-4,288.826,1.0,0.0,0.0,6
11.2388,21.1268,135.342,11.039,5.87505,-0.313262,1.44342E-4,289.017,1.0,0.0,0.0,6
11.2546,21.1565,109.67,11.0093,5.85926,-0.315107,1.44292E-4,289.185,1.0,0.0,0.0,6
11.2698,21.1865,85.6072,10.9807,5.84445,-0.316801,1.91192E-4,289.343,1.0,0.0,0.0,6
12.3129,23.0378,81.349,9.07754,5.04288,-0.380149,0.0508882,289.053,1.0,0.0,0.0,6
11.0241,18.5183,53.1727,12.1934,5.72019,-0.373058,-0.0438002,289.223,1.0,0.0,-0.15000000596046448,6
10.7818,19.6617,73.1805,11.9605,6.36113,-0.236655,0.0328048,286.557,1.0,0.0,-0.30000001192092896,6
10.0483,17.5517,63.4056,14.0879,6.94515,-0.21066,-0.013756,285.594,1.0,0.0,0.0,6
8.46625,15.1065,62.3402,17.402,8.65868,-0.00963801,-0.00852031,285.026,1.0,0.0,-0.10000000149011612,6
7.9697,14.9148,66.2878,17.3471,9.13638,0.0832797,0.0203787,283.91,1.0,0.0,0.0,6
8.87339,18.0504,82.2706,14.4791,8.31899,0.0586215,0.0869742,282.119,1.0,0.0,0.0,6
11.0985,22.5737,88.8688,11.0112,6.49487,-0.158908,0.102907,280.771,1.0,0.0,0.0,6
11.3302,19.7925,60.9551,11.0685,5.63063,-0.34643,0.00304794,281.166,1.0,0.0,0.0,6
11.3753,20.962,81.3795,10.75,5.88214,-0.279028,0.0514383,279.287,1.0,0.0,0.0,6
10.8081,20.0051,81.43,11.8482,6.35109,-0.240395,0.0262029,278.754,1.0,0.0,0.0,6
10.5709,19.8114,83.1412,12.2181,6.62267,-0.200656,0.0345585,278.273,1.0,0.0,0.0,6
12.0269,23.9686,105.112,9.63183,5.58596,-0.291249,0.0797886,276.924,1.0,0.0,0.0,6
13.0221,23.8818,87.6503,7.72721,4.20267,-0.49454,0.0291004,277.158,1.0,0.0,-0.10000000149011612,6
13.6946,24.5548,93.0113,6.31691,3.3772,-0.599892,0.0152296,277.204,1.0,0.0,0.0,6
11.9173,19.7689,67.6192,9.92303,4.59194,-0.504062,-0.0567284,277.598,1.0,0.0,0.0,6
10.2706,18.4252,123.278,13.3061,6.71684,-0.236422,-0.0149819,276.793,1.0,0.0,-0.05000000074505806,6
10.6721,21.695,193.654,11.7537,6.67728,-0.177821,0.0458465,276.171,1.0,0.0,0.0,6
11.8222,23.4678,143.621,9.93392,5.54588,-0.326819,0.0328646,276.743,1.0,0.0,0.0,6
12.8924,24.0746,120.649,8.02966,4.4154,-0.465178,0.0329347,277.262,1.0,0.0,0.0,6
12.4957,22.0979,114.663,8.56318,4.39779,-0.493663,-0.00843012,277.799,1.0,0.0,-0.30000001192092896,6
13.3324,25.2087,200.0,7.15338,3.87349,-0.537254,0.0219706,277.112,1.0,0.0,0.0,6
13.1713,24.6522,200.0,7.38348,3.91234,-0.544215,-0.00266266,278.066,1.0,0.0,0.0,6
13.0647,24.4551,200.0,7.58654,4.02035,-0.531595,-0.00259674,278.915,1.0,0.0,0.0,6
12.9747,24.2866,192.202,7.75743,4.11091,-0.521045,-0.00259757,279.75,1.0,0.0,0.0,6
12.8978,24.1426,168.816,7.90346,4.1883,-0.512027,-0.00259674,280.568,1.0,0.0,0.0,6
12.7774,23.9172,143.883,8.1321,4.30946,-0.497911,-0.00259674,281.424,1.0,0.0,0.0,6
12.6812,23.7372,120.401,8.31471,4.40623,-0.486637,-0.00259757,282.233,1.0,0.0,0.0,6
12.5966,23.5788,95.2362,8.47536,4.49137,-0.476718,-0.00259721,283.131,1.0,0.0,0.0,6
12.4828,23.3658,70.0563,8.69145,4.60588,-0.463376,-0.00259697,284.032,1.0,0.0,0.0,6
10.1539,16.5185,74.7973,15.5465,6.58696,-0.338327,-0.112788,283.619,1.0,0.0,0.0,6
5.76208,9.26332,109.937,22.978,12.3069,0.173397,-0.222121,282.918,1.0,0.0,0.0,6
6.13563,11.8455,200.0,19.9487,10.8851,0.297086,0.0125394,282.958,1.0,0.0,0.0,6
7.06268,13.6158,200.0,18.3441,9.99699,0.19028,0.0158534,283.761,1.0,0.0,0.0,6
7.68794,14.8104,175.96,17.265,9.39526,0.118387,0.0156612,284.74,1.0,0.0,0.0,6
8.08071,15.1617,152.191,17.025,9.0303,0.0605025,0.00668931,285.542,1.0,0.0,0.0,6
7.82461,14.2893,128.393,18.1307,9.32077,0.0705123,-0.0115643,286.342,1.0,0.0,-0.05000000074505806,6
8.39561,16.213,200.0,15.9611,8.71299,0.0461648,0.0258451,286.706,1.0,0.0,0.0,6
8.86319,16.9496,200.0,15.2648,8.25868,-0.0222796,0.0109391,283.934,0.0,0.5,0.0,6
9.31011,17.8429,200.0,14.4362,7.82584,-0.0720854,0.0122695,258.599,0.0,0.5,0.0,5
9.76047,18.7799,200.0,13.5944,7.39568,-0.120648,0.014668,244.926,0.0,0.0,0.0,5
10.2707,19.7754,200.0,12.6841,6.90474,-0.178619,0.0150913,245.091,1.0,0.0,0.0,5
10.7724,20.7709,200.0,11.7887,6.42541,-0.23488,0.0159512,243.617,0.0,0.0,0.0,5
11.3671,22.0043,198.856,10.7304,5.86878,-0.299255,0.0183179,239.388,0.0,0.0,0.0,5
11.9679,23.239,180.119,9.68022,5.30845,-0.364827,0.0201516,221.245,0.0,0.5,0.0,4
12.6243,24.656,162.563,8.55717,4.71555,-0.433571,0.0235626,196.997,0.0,0.0,0.0,4
13.2659,25.9674,146.541,7.46877,4.12343,-0.503959,0.0248723,197.336,0.20000000000000007,0.0,0.0,4
14.0085,27.5266,84.519,6.23248,3.45166,-0.583728,0.0270919,194.001,0.0,0.5,0.0,4
14.7318,29.0828,62.8732,5.05791,2.81161,-0.659901,0.0297554,171.697,0.0,0.09999999999999998,0.0,3
13.3175,22.5026,79.217,6.22954,2.86528,-0.697581,-0.078784,164.475,0.0,0.0,0.0,3
11.196,17.9425,56.6655,12.6053,5.13178,-0.495813,-0.127262,160.76,0.0,0.0,-0.15000000596046448,3
10.9958,20.5028,61.6498,11.5331,6.08738,-0.292921,-0.00512767,156.707,0.0,0.0,0.0,3
10.8292,20.1828,48.9313,11.8208,6.27647,-0.267647,-0.00134993,156.299,5.551115123125783E-17,0.0,0.0,3
12.53,21.9418,46.2351,8.7473,5.13818,-0.321021,0.11746,152.865,0.0,0.0,0.0,3
13.0269,21.3181,42.3154,7.45494,4.08305,-0.485196,0.0886861,148.924,0.0,0.0,0.0,3
12.4051,19.4137,37.4442,8.59823,4.14794,-0.514073,0.0241848,145.257,0.0,0.0,0.0,3
12.7334,20.5945,40.7112,7.95349,4.20524,-0.480689,0.0700866,140.143,0.0,0.0,0.0,3
12.6515,20.5201,40.5963,8.1458,4.30882,-0.46703,0.072081,135.389,0.0,0.0,0.0,3
11.8625,18.4201,35.315,10.3185,4.63082,-0.471484,0.00563395,132.437,0.0,0.0,-0.25,3
12.0468,19.0298,37.2533,9.5962,4.6545,-0.447368,0.0379908,132.069,1.0,0.0,-0.10000000149011612,3
11.2095,17.3767,34.2308,13.039,5.3421,-0.40119,-0.00312877,134.134,1.0,0.0,0.0,3
9.64,14.6489,29.1489,79.5163,7.23667,-0.260315,-0.0608406,137.501,0.0,0.0,0.0,3
7.99335,12.1763,25.1522,125.933,9.72,-0.0595523,-0.0856011,139.165,0.0,0.0,-0.5000000596046448,3
6.81068,11.0931,28.7764,36.9722,10.9341,0.153438,-0.02356,134.752,0.0,0.0,-0.30000001192092896,3
5.82139,10.1582,68.4198,24.3626,11.6829,0.307843,0.00648475,133.957,1.0,0.0,0.0,3
4.86279,8.84007,143.784,24.2763,12.4564,0.416714,-0.0223136,141.344,1.0,0.0,0.0,3
4.60266,8.52502,200.0,24.0452,12.6021,0.455992,-0.00954318,148.819,1.0,0.0,0.0,3
4.87616,9.37496,200.0,22.2861,12.1159,0.439827,0.0142064,151.945,1.0,0.0,0.0,4
5.17778,9.95153,200.0,21.7592,11.8259,0.405028,0.014003,157.201,1.0,0.0,0.0,4
5.4926,10.5566,198.063,21.199,11.5214,0.368851,0.0140021,162.432,1.0,0.0,0.0,4
5.81765,11.1813,183.392,20.6205,11.2071,0.331501,0.0140021,167.641,1.0,0.0,0.0,4
6.13145,11.7844,169.217,20.0621,10.9036,0.29544,0.0140007,172.491,1.0,0.0,0.0,4
6.45413,12.4046,154.641,19.4879,10.5915,0.258363,0.0140016,177.306,1.0,0.0,0.0,4
6.78548,13.0414,139.665,18.8983,10.271,0.220287,0.0140007,182.082,1.0,0.0,0.0,4
7.12604,13.696,124.295,18.2922,9.94162,0.181153,0.0139999,186.307,0.0,0.0,0.0,4
7.52726,14.5267,108.435,17.5046,9.54832,0.137689,0.0164864,181.148,0.0,0.5,0.0,4
7.95289,15.4078,93.8436,16.6933,9.13657,0.0915377,0.0188074,157.462,0.0,0.5,0.0,3
8.42884,16.4819,81.5835,15.739,8.68184,0.0436926,0.024266,143.775,0.0,0.0,0.0,3
8.97647,17.6619,69.3875,14.7363,8.1699,-0.013866,0.0278478,141.326,0.0,0.0,0.0,3
9.54652,18.9143,58.398,13.7179,7.64709,-0.0728751,0.0317936,131.06,0.0,0.0,0.0,3
11.0759,22.9798,51.2898,10.9966,6.57047,-0.155482,0.0870135,128.84,0.0,0.0,0.0,3
12.6296,21.7042,41.0705,8.53247,4.98476,-0.347434,0.105905,126.849,0.0,0.0,-0.05000000074505806,3
14.2262,23.0365,35.9759,5.64049,3.3354,-0.558377,0.135096,124.123,0.0,0.0,0.0,3
14.1627,19.9587,27.9878,4.18566,2.35386,-0.703182,0.0813688,121.666,0.0,0.0,-0.15000000596046448,3
11.8679,15.0321,20.6982,40.3324,2.97285,-0.70387,-0.0663029,119.331,0.0,0.0,-0.5500000715255737,3
8.52942,11.83,24.024,84.2263,9.92658,-0.295727,-0.214288,111.857,0.0,0.0,-0.3500000238418579,3
6.29967,12.7009,172.781,18.7948,10.6149,0.300715,0.0414165,101.838,0.0,0.0,0.10000000149011612,3
6.60158,29.9461,32.4622,14.3907,10.0208,0.484542,0.254253,95.7708,0.0,0.0,0.0,3
8.26569,15.9129,107.493,16.2391,8.83894,0.0513773,0.0150135,170.217,1.0,0.0,0.0,4
8.60715,16.5701,93.1097,15.634,8.50949,0.0121804,0.0150064,175.073,1.0,0.0,0.0,4
8.98217,17.292,77.3187,14.9693,8.14764,-0.0308629,0.0150035,180.238,1.0,0.0,0.0,4
9.34347,17.9874,62.0985,14.3288,7.79903,-0.072332,0.0150006,185.062,1.0,0.0,0.0,4
9.58946,19.4298,48.9934,13.6806,7.55392,-0.112898,0.00376684,189.813,1.0,0.0,0.30000001192092896,4
9.18593,18.9168,51.9032,14.1843,7.96465,-0.0632629,-0.00945633,194.429,1.0,0.0,0.0,4
10.3642,22.672,57.4159,12.1157,6.96411,-0.1588,0.0160649,199.049,1.0,0.0,0.0,4
11.0432,20.574,200.0,11.4461,6.03621,-0.299326,-0.00567406,203.033,1.0,0.0,0.0,4
10.478,18.8448,200.0,12.8374,6.5008,-0.267676,-0.0299222,207.207,1.0,0.0,0.0,4
9.68857,17.4561,200.0,14.485,7.35162,-0.17049,-0.0286433,211.676,1.0,0.0,0.0,4
8.92188,16.0753,200.0,16.1018,8.17253,-0.0778378,-0.0286204,215.785,1.0,0.0,0.0,4
8.08937,14.576,188.051,17.8567,9.06379,0.0227758,-0.0285851,219.955,1.0,0.0,0.0,4
7.29765,13.1501,169.866,19.5249,9.91123,0.118456,-0.028547,221.237,1.0,0.0,0.0,5
6.44934,11.6221,150.299,21.3121,10.8191,0.220962,-0.0285117,223.944,1.0,0.0,0.0,5
6.28951,12.5311,200.0,19.0268,10.6522,0.295977,0.0349229,226.392,1.0,0.0,0.0,5
7.43686,15.0135,153.459,16.9523,9.58345,0.175252,0.0421336,229.325,1.0,0.0,0.0,5
8.75803,17.6748,134.874,14.8421,8.3885,0.0285066,0.0419534,231.966,1.0,0.0,0.0,5
10.0938,20.3704,115.448,12.704,7.18003,-0.119663,0.041952,234.384,1.0,0.0,0.0,5
11.4437,23.0951,95.7964,10.543,5.95874,-0.269399,0.0419586,236.671,1.0,0.0,0.0,5
12.8066,25.8459,75.9637,8.36138,4.72577,-0.42057,0.0419648,238.849,1.0,0.0,0.15000000596046448,5
12.4078,22.9756,200.0,8.80948,4.61573,-0.466831,-0.00971812,240.788,1.0,0.0,0.0,5
12.144,22.5288,200.0,9.32636,4.89626,-0.43358,-0.00848692,242.918,1.0,0.0,0.0,5
11.8772,22.0317,200.0,9.84507,5.16807,-0.402179,-0.00854748,242.301,1.0,0.0,0.0,6
11.5941,21.5072,200.0,10.3954,5.45715,-0.368726,-0.00852888,243.323,1.0,0.0,0.0,6
11.3266,21.0111,200.0,10.9153,5.73007,-0.337155,-0.00852841,244.344,1.0,0.0,-0.05000000074505806,6
13.1621,27.8462,48.8534,7.99261,4.65829,-0.413963,0.0660251,244.908,1.0,0.0,0.0,6
13.8571,25.8639,200.0,6.05493,3.19923,-0.6281,-0.00447148,245.603,1.0,0.0,0.0,6
13.7105,25.3353,200.0,6.24597,3.26521,-0.623468,-0.0111067,246.607,1.0,0.0,0.0,6
13.3667,24.707,200.0,6.92342,3.62049,-0.582401,-0.0109155,247.66,1.0,0.0,0.0,6
12.9966,24.0228,200.0,7.6499,4.00038,-0.538584,-0.0109169,248.827,1.0,0.0,0.0,6
12.6243,23.3347,200.0,8.38048,4.38243,-0.494518,-0.0109174,250.116,1.0,0.0,0.0,6
12.2739,22.6871,192.301,9.06817,4.74205,-0.453038,-0.0109164,251.285,1.0,0.0,0.0,6
11.9229,22.0383,171.312,9.7571,5.1023,-0.411486,-0.0109174,252.382,0.20000000000000007,0.0,0.0,6
11.5258,21.2635,149.603,10.5412,5.50078,-0.36652,-0.0122053,243.484,0.0,0.5,0.0,5
11.146,20.528,130.684,11.2983,5.88483,-0.323238,-0.0133473,220.038,0.0,0.5,0.0,5
10.7425,19.7106,113.904,12.1238,6.28819,-0.27912,-0.0159065,205.88,0.0,0.2,0.0,5
10.2907,18.8338,96.785,13.0528,6.75053,-0.227771,-0.0176412,185.763,0.0,0.5,0.0,4
9.87104,18.0021,82.7525,13.9421,7.18098,-0.181008,-0.0200812,162.801,0.0,0.5,0.0,4
9.44888,17.1598,70.6298,14.8655,7.61839,-0.134299,-0.0230233,140.324,0.0,0.5,0.0,3
9.07928,16.5086,59.5907,15.6062,8.00963,-0.0888728,-0.0221712,126.236,0.0,0.0,0.0,3
8.74655,15.9432,48.9599,16.2422,8.36059,-0.0468973,-0.0204388,124.094,0.0,0.0,0.20000000298023224,3
6.17441,9.13687,57.3133,28.0926,12.9163,0.10629,-0.222681,120.697,0.0,0.0,0.0,3
3.55359,5.27916,52.1261,29.5758,16.1597,0.481168,-0.245049,110.841,0.0,0.0,0.0,3
1.28407,2.05105,43.053,26.2222,16.7452,0.826029,-0.148338,108.631,0.0,0.0,0.0,3
0.633583,1.34423,30.4711,19.6921,14.2865,0.930991,0.0516475,106.681,0.0,0.0,0.10000000149011612,3
2.10587,6.37382,28.1471,17.4525,12.7581,0.784512,0.0780886,104.191,0.0,0.0,0.15000000596046448,3
5.01602,53.5356,26.7735,15.3169,10.917,0.540993,0.128682,101.484,0.0,0.0,0.0,3
10.0292,42.3925,22.5119,11.7648,8.4026,0.223049,0.195789,99.6336,0.0,0.0,0.0,2
12.3738,28.5351,68.2232,9.75638,6.64146,-0.0624487,0.16704,97.6333,0.0,0.0,0.0,2
14.0006,26.2302,56.7572,7.12624,4.50563,-0.373179,0.187926,103.669,1.0,0.0,0.0,2
15.0351,25.5245,50.4998,4.64357,2.78305,-0.633105,0.123517,108.248,0.0,0.0,0.0,2
14.4464,22.5733,42.0334,3.86517,2.052,-0.754451,0.0292668,105.314,0.6000000000000001,0.0,0.0,2
13.518,20.3211,36.5849,5.08311,2.39488,-0.732341,-0.0242459,108.663,0.0,0.0,-0.10000000149011612,2
13.3484,20.2847,36.4252,5.84171,2.84557,-0.672304,0.00287038,104.977,0.0,0.0,0.0,2
12.8468,19.2684,33.9765,7.09516,3.2547,-0.632599,-0.00962895,101.706,0.0,0.0,0.0,2
12.36,18.56,32.6757,8.72583,3.88063,-0.559246,9.75434E-4,97.9531,0.0,0.0,0.0,2
13.3451,20.6108,58.9967,6.44043,3.4714,-0.564724,0.0847409,93.6276,0.2,0.0,0.0,2
11.9279,17.6861,47.2889,12.3042,3.92301,-0.583589,-0.0436503,100.323,1.0,0.0,0.0,2
9.41118,17.3224,37.9086,15.2697,7.55899,-0.353233,-0.228886,110.725,0.6000000000000001,0.0,0.15000000596046448,2
7.15168,12.8987,42.5075,18.3242,10.2313,0.0260211,-0.202144,109.775,0.0,0.0,0.0,2
5.91758,11.0594,44.8871,19.3308,11.3026,0.24195,-0.118706,106.14,0.0,0.0,0.0,2
5.03884,9.13748,52.7529,21.0873,12.2413,0.358484,-0.101612,102.426,0.0,0.0,0.0,2
3.86949,6.7099,70.1357,24.0556,13.6638,0.500687,-0.106317,100.759,1.0,0.0,0.0,2
3.42381,6.63093,64.0038,22.2548,13.3215,0.596133,-0.019242,103.753,0.0,0.0,0.30000001192092896,2
2.44949,4.22745,200.0,27.7103,15.2465,0.689306,-0.0800406,104.24,1.0,0.0,0.0,2
1.86738,3.44091,200.0,26.657,15.1385,0.776212,-0.0252935,114.503,1.0,0.0,0.0,2
1.94672,3.85214,200.0,25.6285,14.5624,0.778831,0.0198739,123.269,1.0,0.0,0.0,2
2.72339,5.53205,200.0,24.3164,13.8067,0.699274,0.0454381,129.724,1.0,0.0,0.0,3
3.59087,7.29545,193.766,22.9412,13.0274,0.603533,0.0455316,132.567,1.0,0.0,0.0,3
4.49784,9.13811,181.666,21.5085,12.2139,0.503394,0.0455316,139.59,1.0,0.0,0.0,3
5.45101,11.0746,168.949,20.0029,11.3589,0.398155,0.0455316,146.634,1.0,0.0,0.0,3
5.69449,10.3086,149.167,22.7259,11.6019,0.314652,-0.0252724,153.286,1.0,0.0,0.0,3
5.15222,9.21336,101.075,24.3888,12.2595,0.373753,-0.0340838,160.049,1.0,0.0,0.0,3
4.67987,8.73859,200.0,23.5946,12.4722,0.450335,-0.00419014,165.858,1.0,0.0,0.0,3
5.14501,10.0808,200.0,21.307,11.7726,0.417113,0.0254262,171.76,1.0,0.0,0.0,3
5.7195,11.1955,200.0,20.3508,11.2353,0.35157,0.0248626,176.484,1.0,0.0,0.0,3
6.30541,12.3417,200.0,19.3517,10.6832,0.285118,0.024833,177.702,1.0,0.0,0.0,4
6.89647,13.4977,200.0,18.3438,10.1263,0.218069,0.0247949,180.66,1.0,0.0,0.0,4
7.54277,14.7627,200.0,17.2403,9.51711,0.144789,0.0247939,185.586,1.0,0.0,0.0,4
8.16583,15.982,200.0,16.1765,8.92982,0.0741419,0.0247906,190.172,1.0,0.0,0.0,4
8.84492,17.3109,200.0,15.017,8.2897,-0.00286258,0.0247844,195.019,1.0,0.0,0.0,4
8.64321,15.3419,147.005,17.0285,8.47522,-0.0569511,-0.0395548,198.964,1.0,0.0,0.0,4
7.21632,12.4305,79.2612,21.3338,10.1505,0.0951832,-0.0628273,203.312,1.0,0.0,0.0,4
6.3098,11.6259,200.0,20.8705,10.8757,0.251153,-0.0130637,207.061,1.0,0.0,0.0,4
5.75349,10.5369,200.0,22.1797,11.4793,0.313912,-0.01719,211.097,1.0,0.0,0.0,4
5.29347,9.69453,200.0,23.1051,11.9585,0.368775,-0.0171802,214.701,1.0,0.0,0.0,4
4.81634,8.82055,183.74,24.0663,12.4557,0.425662,-0.0171928,216.837,1.0,0.0,0.0,5
4.79147,9.4939,200.0,21.6231,12.0545,0.461542,0.0318325,218.262,1.0,0.0,0.0,5
5.53347,10.9108,200.0,20.4987,11.384,0.375975,0.0290692,221.07,1.0,0.0,0.0,5
6.39953,12.6169,200.0,19.0461,10.5763,0.278241,0.0289977,223.811,1.0,0.0,0.0,5
7.3351,14.4613,200.0,17.474,9.70321,0.172718,0.028992,226.653,1.0,0.0,0.0,5
8.10253,15.9742,200.0,16.1844,8.98706,0.086164,0.0289906,228.896,1.0,0.0,0.0,5
9.11874,17.9777,184.343,14.4766,8.03874,-0.0284476,0.028991,231.713,1.0,0.0,0.0,5
10.0871,19.8869,163.62,12.8492,7.13506,-0.137665,0.028991,234.3,1.0,0.0,0.0,5
9.79772,17.2439,144.425,14.6205,7.19042,-0.206557,-0.0459645,236.315,1.0,0.0,0.0,5
8.81721,15.6304,146.531,16.6742,8.28405,-0.0793797,-0.0405254,238.692,1.0,0.0,0.0,5
8.17617,15.7258,200.0,16.4122,8.92568,0.0609974,0.0144456,240.759,1.0,0.0,0.0,5
8.97416,17.7137,183.326,14.7074,8.17461,-0.0112761,0.0296672,243.041,1.0,0.0,0.0,5
9.94042,19.6122,164.476,13.0907,7.27346,-0.120522,0.0294135,245.207,1.0,0.0,0.0,5
10.9139,21.533,143.941,11.4573,6.36593,-0.230254,0.0294164,247.278,1.0,0.0,0.0,5
11.9595,23.596,121.9,9.70294,5.39116,-0.34812,0.0294164,249.387,1.0,0.0,0.0,5
13.017,25.6823,99.6104,7.92872,4.40536,-0.467319,0.0294164,251.398,1.0,0.0,0.0,5
14.0152,27.6518,78.5705,6.25381,3.47474,-0.579847,0.0294154,253.198,1.0,0.0,0.05000000074505806,5
13.9293,26.067,200.0,5.9423,3.14821,-0.63328,-0.00276154,254.893,1.0,0.0,0.0,5
13.8895,26.0386,200.0,6.03472,3.20294,-0.62639,-0.00161141,256.645,1.0,0.0,0.0,5
13.8405,25.9464,200.0,6.1273,3.25204,-0.620667,-0.00161999,258.212,1.0,0.0,0.0,5
13.7875,25.8461,200.0,6.22722,3.30495,-0.614506,-0.00164288,257.326,1.0,0.0,0.0,6
13.7348,25.7474,200.0,6.32691,3.35787,-0.608333,-0.00164145,258.501,1.0,0.0,0.0,6
13.6842,25.6525,200.0,6.42273,3.40872,-0.6024,-0.00164097,259.581,1.0,0.0,0.0,6
13.6358,25.5776,200.0,6.51918,3.46206,-0.595987,-0.00124329,258.44,0.0,0.4,0.0,6
13.6265,25.613,189.081,6.55354,3.48756,-0.592364,8.99474E-5,235.961,0.0,0.5,0.0,5
13.6839,25.8261,170.157,6.47927,3.46197,-0.594099,0.00269777,211.818,0.0,0.4,0.0,5
13.7984,26.137,153.979,6.29775,3.37687,-0.602997,0.00499946,191.35,0.0,0.5,0.0,4
13.9358,26.4508,139.319,6.06303,3.25732,-0.616478,0.00627214,168.847,0.0,0.3,0.0,4
14.1309,26.9389,126.354,5.7484,3.10104,-0.633706,0.00900203,162.164,0.0,0.0,0.0,4
14.3878,27.5362,112.586,5.3247,2.88288,-0.658513,0.0114206,159.685,0.0,0.0,0.0,4
14.6715,28.1922,100.148,4.86201,2.64195,-0.68616,0.0138724,145.517,0.0,0.5,0.0,3
14.1259,25.452,80.5649,5.12455,2.60102,-0.706506,-0.0286129,134.923,0.0,0.0,0.0,3
12.5121,21.1162,61.0148,8.34112,3.82781,-0.59657,-0.0798087,132.371,0.0,0.0,-0.10000000149011612,3
12.7003,23.5345,59.9178,8.24098,4.32128,-0.500545,-0.00922775,129.836,0.0,0.0,0.0,3
12.5324,22.2559,49.0921,8.5721,4.50148,-0.479146,-0.00832146,133.306,1.0,0.0,0.0,3
13.2216,22.0213,45.0951,7.19337,4.00665,-0.495428,0.0703052,135.476,0.0,0.0,-0.05000000074505806,3
12.922,20.2665,39.3958,7.23218,3.57776,-0.581314,0.0183991,132.56,0.0,0.0,-0.20000000298023224,3
13.5615,21.816,42.7695,6.17436,3.33092,-0.589587,0.0621827,128.946,0.0,0.0,-0.15000000596046448,3
13.701,21.8124,42.1183,5.76025,3.08463,-0.62271,0.0546754,125.595,0.4,0.0,0.0,3
12.3014,18.4772,34.3374,8.97863,3.7381,-0.595466,-0.0406429,129.431,0.0,0.0,-0.4500000476837158,3
11.3704,17.0285,31.9113,14.1369,4.85449,-0.490021,-0.0554377,130.318,0.6000000000000001,0.0,-0.30000001192092896,3
10.4949,16.009,31.081,62.8302,6.10262,-0.351597,-0.0403377,129.327,1.0,0.0,-0.05000000074505806,3
9.36419,14.6084,29.8269,62.9157,7.62316,-0.184063,-0.0264651,128.374,0.0,0.0,0.0,3
9.05622,15.1351,33.7288,19.7741,8.02072,-0.0569916,0.0467523,123.475,0.0,0.0,0.0,3
8.44699,13.8611,30.824,79.1825,8.73202,-0.0147636,0.0179055,120.419,0.0,0.0,-0.4500000476837158,3
8.50805,14.0251,31.2978,97.0334,8.65119,-0.0159246,0.0237101,117.4,0.0,0.0,-0.4500000476837158,3
9.30257,15.7501,37.6536,17.434,7.77244,-0.0657071,0.0639671,118.834,1.0,0.0,-0.20000000298023224,3
9.39217,15.303,45.6856,18.8247,7.62277,-0.125721,0.0249437,124.011,1.0,0.0,-0.15000000596046448,3
8.71755,14.8248,53.6311,18.0815,8.41509,-0.0981126,-0.041259,130.557,1.0,0.0,-0.10000000149011612,3
8.93994,17.2557,62.331,14.9623,8.19361,-0.0203513,0.0194891,137.101,1.0,0.0,-0.10000000149011612,3
10.4963,20.5396,65.3224,12.0218,6.92053,-0.113061,0.0908311,143.376,1.0,0.0,0.0,3
11.7031,21.8916,61.8785,10.1328,5.74855,-0.272547,0.0832222,150.138,1.0,0.0,0.0,3
13.4702,25.1117,65.3882,7.39721,4.3659,-0.432748,0.107446,152.22,1.0,0.0,0.0,4
15.8305,28.9032,67.5642,4.06778,2.48138,-0.671165,0.124474,155.909,1.0,0.0,0.0,4
16.6041,28.026,58.6713,1.21361,0.693726,-0.913718,0.0572417,160.527,1.0,0.0,0.0,4
15.2048,23.539,45.4899,1.17095,0.580292,-0.935275,-0.0359752,165.019,1.0,0.0,0.0,4
12.7049,18.7241,35.5845,7.29119,2.79561,-0.71914,-0.10199,169.213,1.0,0.0,0.0,4
9.93724,14.5241,34.1251,26.6582,6.75307,-0.374692,-0.127924,172.773,1.0,0.0,-0.10000000149011612,4
6.75983,10.7433,37.034,28.2933,11.2398,0.0899793,-0.135564,176.307,1.0,0.0,-0.25,4
4.44783,7.37231,33.2272,31.2185,13.8138,0.423429,-0.0955836,180.518,1.0,0.0,-0.05000000074505806,4
2.83531,4.94982,32.2926,31.5572,15.0625,0.648479,-0.0522091,184.82,1.0,0.0,0.0,4
1.77104,3.28173,25.81,35.0451,15.6105,0.790744,-0.00925511,188.717,1.0,0.0,0.0,4
2.32658,4.70887,39.0674,28.714,14.3948,0.746216,0.0593799,192.034,1.0,0.0,-0.10000000149011612,4
3.36661,6.74959,47.6001,26.1605,13.3993,0.63231,0.0602687,195.511,1.0,0.0,0.0,4
4.20863,7.84151,45.5299,26.6784,13.0324,0.514812,0.0188869,199.274,1.0,0.0,0.0,4
3.57196,6.37236,34.6014,30.4789,14.0882,0.568487,-0.025326,203.056,1.0,0.0,0.0,4
2.97963,5.62727,44.0509,28.3929,14.1901,0.655889,0.0128363,206.53,1.0,0.0,0.0,4
2.80949,5.53446,200.0,26.4967,14.0232,0.685791,0.0385726,209.71,1.0,0.0,0.0,4
2.99846,5.65743,200.0,26.3616,14.0814,0.65062,0.00251228,213.051,1.0,0.0,0.0,5
3.05616,5.76086,200.0,26.2933,14.0319,0.643638,0.00190956,213.475,1.0,0.0,0.0,5
3.11319,5.86844,200.0,26.1864,13.975,0.636992,0.00191766,216.332,1.0,0.0,0.0,5
3.17414,5.98332,200.0,26.0727,13.9143,0.629885,0.00191766,219.153,1.0,0.0,0.0,5
3.22858,6.08595,200.0,25.9712,13.8601,0.623537,0.00191766,221.933,1.0,0.0,0.0,5
3.29005,6.20181,200.0,25.8566,13.7989,0.616369,0.00191671,224.503,1.0,0.0,0.0,5
3.34059,6.29707,200.0,25.7623,13.7486,0.610477,0.00191766,227.036,1.0,0.0,0.0,5
3.4016,6.41209,200.0,25.6485,13.6879,0.603362,0.00191671,229.534,1.0,0.0,0.0,5
3.45913,6.52052,200.0,25.5412,13.6306,0.596654,0.00191671,232.158,1.0,0.0,0.0,5
3.51979,6.63488,200.0,25.428,13.5702,0.589581,0.00191719,234.58,1.0,0.0,0.0,5
3.58046,6.74924,199.828,25.3148,13.5098,0.582507,0.00191719,237.125,1.0,0.0,0.0,5
3.64456,6.87007,178.648,25.1953,13.446,0.575033,0.00191719,239.628,1.0,0.0,0.0,5
3.7084,6.99041,157.232,25.0762,13.3825,0.567589,0.00191719,242.083,1.0,0.0,0.0,5
3.77279,7.11179,135.608,24.9561,13.3184,0.56008,0.00191719,244.435,1.0,0.0,0.0,5
3.83326,7.22577,115.138,24.8635,13.2582,0.553029,0.00191671,246.541,1.0,0.0,0.0,5
3.89378,7.30822,94.5655,25.0787,13.2352,0.545055,6.52615E-4,247.077,1.0,0.0,0.0,6
3.76386,6.97129,72.8103,26.0685,13.4728,0.555975,-0.00728911,247.564,1.0,0.0,0.0,6
3.23844,5.85543,50.6388,29.0337,14.2855,0.611262,-0.0217249,248.925,1.0,0.0,0.0,6
